id,product_id,customer_id,campaign_id,line_number,quantity,unit_price,discount_amount,tax_amount
1,137,228,2,1,2,97309.59,13623.34,38009.13
2,148,228,2,2,2,69290.55,2771.62,28519.99
3,53,228,2,3,3,55916.19,8387.43,33465.84
4,77,228,2,4,3,35690.74,12848.67,19786.95
5,140,101,8,1,1,42260.66,5071.28,7809.77
6,45,101,8,2,2,5514.12,220.56,2269.61
7,49,101,8,3,3,146549.87,30775.47,85863.57
8,93,101,8,4,2,149511.56,5980.46,61538.96
9,148,99,9,1,2,69290.55,16629.73,25609.79
10,149,9,,1,2,62730.25,15055.26,23185.1
11,10,108,9,1,3,148480.89,44544.27,84188.66
12,78,108,9,2,3,126062.08,37818.62,71477.2
13,125,14,7,1,1,109754.35,2195.09,22587.45
14,130,14,7,2,1,56977.18,2848.86,11366.95
15,65,14,7,3,1,62949.67,6294.97,11897.49
16,54,198,11,1,3,132170.57,47581.41,73275.36
17,89,198,11,2,1,31366.78,3764.01,5796.58
18,100,78,10,1,2,27000.42,2700.04,10773.17
19,38,78,10,2,3,102110.27,21443.16,59826.41
20,4,78,10,3,2,54336.32,7607.08,21223.77
21,98,78,10,4,3,131544.36,19731.65,78729.3
22,4,174,4,1,2,54336.32,0.0,22821.25
23,23,15,,1,3,108377.6,6502.66,66912.33
24,20,230,1,1,3,21220.82,4456.37,12433.28
25,71,230,1,2,2,105622.72,25349.45,39038.16
26,83,230,1,3,2,141513.24,5660.53,58246.85
27,19,230,1,4,2,115564.07,0.0,48536.91
28,10,65,12,1,3,148480.89,31180.99,86994.95
29,1,123,10,1,2,112524.82,27005.96,41589.17
30,124,123,10,2,1,144899.54,14489.95,27386.01
31,113,100,,1,3,41597.83,2495.87,25682.5
32,5,149,,1,2,57052.01,11410.4,21565.66
33,12,149,,2,1,100038.61,12004.63,18487.14
34,34,149,,3,1,32535.19,650.7,6695.74
35,13,149,,4,2,113023.4,0.0,47469.83
36,44,45,,1,3,41412.58,6211.89,24785.43
37,142,45,,2,1,119648.89,8375.42,23367.43
38,63,45,,3,3,37572.9,0.0,23670.93
39,35,45,,4,1,13288.96,1594.68,2455.8
40,107,2,1,1,3,68677.25,14422.22,40238.0
41,33,2,1,2,1,139345.12,2786.9,28677.23
42,70,2,1,3,3,39001.57,8190.33,22851.02
43,90,184,11,1,2,79910.95,0.0,33562.6
44,143,184,11,2,1,124250.51,2485.01,25570.75
45,31,184,11,3,3,145504.46,0.0,91667.81
46,125,190,1,1,3,109754.35,0.0,69145.24
47,52,35,11,1,2,37323.91,1492.96,15362.52
48,9,35,11,2,3,93324.0,27997.2,52914.71
49,16,35,11,3,2,91403.82,3656.15,37621.81
50,112,187,11,1,3,101074.61,6064.48,62403.46
51,39,187,11,2,3,50845.69,0.0,32032.78
52,107,187,11,3,1,68677.25,0.0,14422.22
53,119,42,11,1,1,138670.88,16640.51,25626.38
54,104,42,11,2,1,9732.78,486.64,1941.69
55,119,42,11,3,3,138670.88,49921.52,76879.14
56,1,42,11,4,3,112524.82,0.0,70890.64
57,36,94,,1,2,14935.59,597.42,6147.49
58,139,94,,2,1,113384.73,13606.17,20953.5
59,71,195,,1,1,105622.72,0.0,22180.77
60,96,195,,2,2,47955.74,6713.8,18731.51
61,125,195,,3,3,109754.35,32926.31,62230.72
62,32,195,,4,2,130374.31,31289.83,48186.34
63,101,205,,1,1,117475.56,5873.78,23436.37
64,89,76,12,1,2,31366.78,4391.35,12251.86
65,6,76,12,2,2,16426.03,657.04,6760.95
66,17,76,12,3,1,21175.07,423.5,4357.83
67,134,76,12,4,3,71241.19,10686.18,42637.85
68,44,152,,1,2,41412.58,1656.5,17045.42
69,124,152,,2,2,144899.54,14489.95,57814.92
70,13,152,,3,1,113023.4,5651.17,22548.17
71,32,38,7,1,1,130374.31,9126.2,25462.1
72,128,38,7,2,1,113281.12,7929.68,22123.8
73,82,38,7,3,1,144884.51,0.0,30425.75
74,50,216,,1,3,121324.1,36397.23,68790.76
75,56,4,9,1,3,11436.05,2401.57,6700.38
76,37,230,,1,1,94810.32,4740.52,18914.66
77,107,194,11,1,1,68677.25,6867.73,12980.0
78,119,194,11,2,3,138670.88,41601.26,78626.39
79,36,194,11,3,1,14935.59,298.71,3073.74
80,1,214,8,1,1,112524.82,5626.24,22448.7
81,38,96,,1,2,102110.27,14295.44,39884.27
82,4,177,,1,1,54336.32,5433.63,10269.56
83,73,177,,2,2,5854.93,819.69,2286.94
84,107,40,4,1,2,68677.25,0.0,28844.44
85,51,109,1,1,1,131464.18,0.0,27607.48
86,32,233,9,1,3,130374.31,7822.46,80493.1
87,91,24,4,1,1,98655.92,9865.59,18645.97
88,62,24,4,2,3,46149.03,13844.71,26166.5
89,18,24,4,3,1,131225.19,13122.52,24801.56
90,127,195,8,1,2,131495.54,31558.93,48600.75
91,74,195,8,2,3,36816.14,13253.81,20410.87
92,49,80,10,1,1,146549.87,10258.49,28621.19
93,95,80,10,2,1,112097.67,0.0,23540.51
94,126,80,10,3,3,95372.61,0.0,60084.74
95,102,80,10,4,2,142400.58,28480.12,53827.42
96,149,153,11,1,3,62730.25,9409.54,37544.05
97,103,153,11,2,2,30202.96,4228.41,11797.28
98,104,153,11,3,2,9732.78,1946.56,3678.99
99,7,161,6,1,1,11644.54,815.12,2274.18
100,84,161,6,2,1,120452.95,6022.65,24030.36
101,25,161,6,3,1,15294.0,1835.28,2826.33
102,134,161,6,4,2,71241.19,9973.77,27826.81
103,99,140,1,1,2,41609.37,4160.94,16602.14
104,35,143,8,1,2,13288.96,3189.35,4911.6
105,100,143,8,2,2,27000.42,0.0,11340.18
106,146,143,8,3,3,70778.34,14863.45,41469.03
107,142,143,8,4,3,119648.89,35894.67,67840.92
108,61,89,9,1,3,69058.97,10358.85,41331.79
109,22,89,9,2,3,142293.06,0.0,89644.63
110,20,43,8,1,3,21220.82,1273.25,13101.73
111,74,43,8,2,2,36816.14,0.0,15462.78
112,77,43,8,3,3,35690.74,7495.06,20911.2
113,58,43,8,4,3,78532.76,28271.79,43538.56
114,130,146,11,1,2,56977.18,7976.81,22255.29
115,139,146,11,2,2,113384.73,4535.39,46669.15
116,107,146,11,3,2,68677.25,6867.73,27402.22
117,82,62,4,1,1,144884.51,17386.14,26774.66
118,53,62,4,2,2,55916.19,5591.62,22310.56
119,74,62,4,3,3,36816.14,2208.97,22730.28
120,66,62,4,4,3,30503.57,9151.07,17295.52
121,17,201,1,1,2,21175.07,2117.51,8448.85
122,24,201,1,2,2,40946.31,9827.11,15133.76
123,36,201,1,3,1,14935.59,0.0,3136.47
124,81,213,7,1,2,72429.93,14485.99,27378.51
125,14,184,8,1,3,36801.51,13248.54,20402.76
126,121,226,,1,3,130462.79,27397.19,76438.15
127,86,226,,2,3,107559.75,22587.55,63019.26
128,26,226,,3,1,102001.78,12240.21,18849.93
129,67,226,,4,3,71186.96,0.0,44847.78
130,35,176,10,1,2,13288.96,531.56,5469.74
131,84,176,10,2,2,120452.95,4818.12,49578.43
132,22,176,10,3,2,142293.06,14229.31,56774.93
133,47,176,10,4,2,67319.07,9424.67,26294.83
134,111,49,,1,1,73151.51,7315.15,13825.64
135,56,49,,2,2,11436.05,2744.65,4226.76
136,22,61,10,1,1,142293.06,9960.51,27789.83
137,35,61,10,2,2,13288.96,3189.35,4911.6
138,102,61,10,3,3,142400.58,8544.03,87918.12
139,99,61,10,4,3,41609.37,8737.97,24378.93
140,33,136,,1,2,139345.12,13934.51,55598.7
141,126,213,9,1,1,95372.61,9537.26,18025.42
142,113,213,9,2,1,41597.83,831.96,8560.83
143,39,213,9,3,1,50845.69,1016.91,10464.04
144,20,150,,1,1,21220.82,1485.46,4144.43
145,25,150,,2,2,15294.0,0.0,6423.48
146,73,150,,3,3,5854.93,2107.77,3245.97
147,32,150,,4,2,130374.31,13037.43,52019.35
148,19,221,,1,3,115564.07,34669.22,65524.83
149,24,115,10,1,2,40946.31,4094.63,16337.58
150,48,115,10,2,2,118116.86,28348.05,43655.99
151,110,115,10,3,1,73222.62,0.0,15376.75
152,132,115,10,4,2,38667.32,5413.42,15103.46
153,66,106,2,1,3,30503.57,0.0,19217.25
154,129,106,2,2,1,29122.89,0.0,6115.81
155,119,106,2,3,1,138670.88,2773.42,28538.47
156,78,223,12,1,1,126062.08,2521.24,25943.58
157,35,223,12,2,1,13288.96,265.78,2734.87
158,29,223,12,3,1,121085.91,14530.31,22376.68
159,49,223,12,4,1,146549.87,2931.0,30159.96
160,6,23,,1,1,16426.03,328.52,3380.48
161,40,23,,2,3,82956.99,29864.52,45991.36
162,114,23,,3,2,12859.59,1800.34,5022.96
163,6,23,,4,2,16426.03,3285.21,6209.04
164,69,16,2,1,3,116042.98,24369.03,67989.58
165,73,189,8,1,3,5854.93,2107.77,3245.97
166,23,189,8,2,3,108377.6,22759.3,63498.44
167,132,201,8,1,3,38667.32,13920.24,21437.16
168,27,201,8,2,3,122087.06,0.0,76914.85
169,122,218,4,1,2,140263.58,14026.36,55965.17
170,130,218,4,2,1,56977.18,0.0,11965.21
171,112,242,,1,1,101074.61,7075.22,19739.87
172,10,242,,2,3,148480.89,53453.12,82317.81
173,72,180,9,1,3,14028.53,4208.56,7954.18
174,16,8,,1,2,91403.82,9140.38,36470.12
175,90,147,3,1,2,79910.95,7991.1,31884.47
176,147,147,3,2,3,99963.68,5997.82,61717.58
177,42,150,12,1,1,141144.85,14114.49,26676.38
178,33,150,12,2,2,139345.12,33442.83,51501.96
179,118,150,12,3,1,126034.97,15124.2,23291.26
180,132,150,12,4,3,38667.32,0.0,24360.41
181,1,240,8,1,1,112524.82,11252.48,21267.19
182,90,240,8,2,1,79910.95,0.0,16781.3
183,107,240,8,3,2,68677.25,13735.45,25960.0
184,80,240,8,4,3,126688.18,26604.52,74226.6
185,144,222,,1,3,98909.6,0.0,62313.05
186,144,222,,2,1,98909.6,1978.19,20355.6
187,139,222,,3,3,113384.73,0.0,71432.38
188,37,24,1,1,1,94810.32,4740.52,18914.66
189,23,24,1,2,1,108377.6,5418.88,21621.33
190,105,24,1,3,3,119235.06,7154.1,73615.73
191,31,26,8,1,1,145504.46,2910.09,29944.82
192,62,26,8,2,3,46149.03,13844.71,26166.5
193,61,26,8,3,2,69058.97,13811.79,26104.29
194,130,26,8,4,2,56977.18,0.0,23930.42
195,64,163,4,1,3,71035.34,25572.72,39381.99
196,55,239,12,1,3,110639.03,33191.71,62732.33
197,73,239,12,2,1,5854.93,117.1,1204.94
198,137,239,12,3,3,97309.59,0.0,61305.04
199,63,243,8,1,3,37572.9,5635.94,22487.38
200,88,243,8,2,1,113819.06,7967.33,22228.86
201,85,243,8,3,1,78364.31,9403.72,14481.72
202,119,92,12,1,2,138670.88,5546.84,57076.93
203,72,207,5,1,2,14028.53,3366.85,5184.94
204,67,50,6,1,3,71186.96,4271.22,43950.83
205,134,50,6,2,3,71241.19,10686.18,42637.85
206,111,1,10,1,2,73151.51,7315.15,29187.45
207,32,1,10,2,3,130374.31,39112.29,73922.23
208,120,1,10,3,2,140466.02,14046.6,56045.94
209,65,25,3,1,1,62949.67,0.0,13219.43
210,122,25,3,2,1,140263.58,7013.18,27982.58
211,14,25,3,3,2,36801.51,7360.3,13910.97
212,60,14,8,1,3,84450.9,30402.32,46819.58
213,3,14,8,2,2,36963.89,5174.94,14438.1
214,119,14,8,3,2,138670.88,27734.18,52417.59
215,26,14,8,4,2,102001.78,24480.43,37699.86
216,121,132,9,1,2,130462.79,26092.56,49314.93
217,88,132,9,2,2,113819.06,11381.91,45413.8
218,18,109,,1,2,131225.19,5249.01,54012.29
219,122,109,,2,3,140263.58,50494.89,77762.13
220,127,77,10,1,1,131495.54,0.0,27614.06
221,48,197,7,1,1,118116.86,5905.84,23564.31
222,3,197,7,2,1,36963.89,1848.19,7374.3
223,8,197,7,3,3,97174.24,0.0,61219.77
224,37,197,7,4,2,94810.32,13273.44,37032.91
225,17,79,,1,1,21175.07,423.5,4357.83
226,34,79,,2,1,32535.19,650.7,6695.74
227,137,79,,3,2,97309.59,23354.3,35965.62
228,96,79,,4,2,47955.74,9591.15,18127.27
229,72,219,9,1,1,14028.53,1402.85,2651.39
230,56,54,6,1,2,11436.05,1601.05,4466.92
231,97,54,6,2,3,11599.78,695.99,7161.7
232,96,54,6,3,2,47955.74,9591.15,18127.27
233,22,54,6,4,1,142293.06,0.0,29881.54
234,19,165,,1,2,115564.07,0.0,48536.91
235,122,168,5,1,1,140263.58,14026.36,26509.82
236,142,168,5,2,2,119648.89,28715.73,44222.23
237,40,77,,1,2,82956.99,16591.4,31357.74
238,147,77,,2,2,99963.68,13994.92,39045.81
239,44,75,1,1,2,41412.58,5797.76,16175.75
240,119,207,,1,3,138670.88,0.0,87362.65
241,24,207,,2,2,40946.31,9827.11,15133.76
242,117,207,,3,2,71909.94,17258.39,26577.91
243,77,207,,4,2,35690.74,7138.15,13491.1
244,105,196,2,1,2,119235.06,4769.4,49077.15
245,65,196,2,2,1,62949.67,6294.97,11897.49
246,12,196,2,3,2,100038.61,0.0,42016.22
247,119,10,,1,2,138670.88,19413.92,54164.85
248,18,10,,2,1,131225.19,13122.52,24801.56
249,63,10,,3,3,37572.9,7890.31,22013.96
250,20,26,6,1,3,21220.82,0.0,13369.12
251,70,26,6,2,1,39001.57,2730.11,7617.01
252,2,170,1,1,1,9608.49,672.59,1876.54
253,25,4,8,1,3,15294.0,917.64,9442.52
254,43,4,8,2,1,45854.66,3209.83,8955.42
255,100,27,,1,3,27000.42,9720.15,14969.03
256,35,27,,2,2,13288.96,531.56,5469.74
257,82,27,,3,3,144884.51,30425.75,84887.83
258,6,164,,1,3,16426.03,0.0,10348.4
259,80,164,,2,1,126688.18,15202.58,23411.98
260,63,209,7,1,1,37572.9,3757.29,7101.28
261,14,209,7,2,3,36801.51,2208.09,22721.25
262,57,209,7,3,3,67538.12,14183.01,39570.58
263,70,46,6,1,2,39001.57,0.0,16380.66
264,93,46,6,2,2,149511.56,20931.62,58399.22
265,77,210,11,1,3,35690.74,10707.22,20236.65
266,40,97,11,1,1,82956.99,0.0,17420.97
267,4,97,11,2,3,54336.32,19561.08,30124.06
268,105,96,12,1,1,119235.06,0.0,25039.36
269,64,179,,1,3,71035.34,21310.6,40277.04
270,42,179,,2,1,141144.85,0.0,29640.42
271,24,179,,3,3,40946.31,14740.67,22700.63
272,129,225,,1,3,29122.89,10484.24,16145.73
273,98,225,,2,3,131544.36,19731.65,78729.3
274,106,225,,3,3,136719.66,0.0,86133.39
275,1,239,11,1,1,112524.82,0.0,23630.21
276,107,239,11,2,3,68677.25,14422.22,40238.0
277,74,239,11,3,3,36816.14,7731.39,21570.58
278,44,239,11,4,1,41412.58,2070.63,8261.81
279,123,32,,1,2,11328.86,2718.93,4187.15
280,26,32,,2,1,102001.78,0.0,21420.37
281,122,134,,1,2,140263.58,28052.72,53019.63
282,110,134,,2,2,73222.62,7322.26,29215.83
283,88,134,,3,2,113819.06,4552.76,46847.93
284,93,134,,4,3,149511.56,31397.43,87598.82
285,136,223,,1,2,137039.46,32889.47,50649.78
286,37,169,3,1,3,94810.32,28443.1,53757.45
287,130,169,3,2,1,56977.18,1139.54,11725.9
288,24,122,3,1,3,40946.31,6141.95,24506.37
289,58,122,3,2,3,78532.76,23559.83,44528.07
290,17,122,3,3,3,21175.07,3176.26,12673.28
291,97,122,3,4,3,11599.78,4175.92,6430.92
292,28,109,7,1,2,72718.58,0.0,30541.8
293,138,109,7,2,2,119348.52,11934.85,47620.06
294,58,181,12,1,3,78532.76,28271.79,43538.56
295,14,181,12,2,1,36801.51,2576.11,7187.33
296,101,141,12,1,2,117475.56,0.0,49339.74
297,136,141,12,2,3,137039.46,20555.92,82018.12
298,73,141,12,3,3,5854.93,351.3,3614.83
299,124,78,11,1,2,144899.54,5795.98,59640.65
300,54,78,11,2,1,132170.57,15860.47,24425.12
301,51,78,11,3,3,131464.18,47327.1,72883.74
302,3,78,11,4,2,36963.89,8871.33,13661.85
303,119,153,5,1,3,138670.88,29120.88,81247.27
304,104,33,,1,3,9732.78,0.0,6131.65
305,101,33,,2,3,117475.56,35242.67,66608.64
306,2,32,4,1,3,9608.49,2017.78,5629.61
307,81,32,4,2,1,72429.93,0.0,15210.29
308,94,66,2,1,3,22495.1,1349.71,13888.47
309,109,66,2,2,3,38194.04,0.0,24062.25
310,64,66,2,3,2,71035.34,0.0,29834.84
311,138,114,4,1,3,119348.52,7160.91,73685.78
312,26,114,4,2,3,102001.78,0.0,64261.12
313,61,114,4,3,1,69058.97,1381.18,14212.34
314,96,188,8,1,3,47955.74,17264.07,26586.66
315,131,188,8,2,3,30385.06,1823.1,18759.74
316,141,247,,1,2,72908.05,0.0,30621.38
317,32,3,2,1,1,130374.31,13037.43,24640.74
318,44,222,8,1,2,41412.58,5797.76,16175.75
319,79,91,12,1,3,99270.89,0.0,62540.66
320,79,91,12,2,2,99270.89,9927.09,39609.09
321,63,104,2,1,3,37572.9,13526.24,20830.42
322,136,104,2,2,3,137039.46,41111.84,77701.37
323,11,104,2,3,3,124161.38,26073.89,72746.15
324,79,55,2,1,3,99270.89,29781.27,56286.59
325,10,55,2,2,2,148480.89,29696.18,56125.78
326,113,94,11,1,3,41597.83,8735.54,24372.17
327,40,237,,1,2,82956.99,16591.4,31357.74
328,4,237,,2,3,54336.32,3260.18,33547.24
329,40,123,8,1,3,82956.99,24887.1,47036.61
330,48,123,8,2,1,118116.86,5905.84,23564.31
331,49,181,2,1,3,146549.87,52757.95,81247.25
332,39,181,2,2,1,50845.69,0.0,10677.59
333,1,108,6,1,1,112524.82,13502.98,20794.59
334,29,48,9,1,1,121085.91,14530.31,22376.68
335,4,48,9,2,3,54336.32,16300.9,30808.69
336,34,48,9,3,2,32535.19,3253.52,12981.54
337,12,78,,1,1,100038.61,2000.77,20587.95
338,108,78,,2,3,16664.07,5999.07,9238.56
339,135,115,3,1,3,88347.73,0.0,55659.07
340,43,115,3,2,3,45854.66,6878.2,27444.01
341,34,115,3,3,2,32535.19,0.0,13664.78
342,145,115,3,4,1,11575.29,1389.03,2139.11
343,44,67,,1,1,41412.58,0.0,8696.64
344,98,248,8,1,3,131544.36,19731.65,78729.3
345,38,162,10,1,2,102110.27,0.0,42886.31
346,127,162,10,2,1,131495.54,9204.69,25681.08
347,48,162,10,3,1,118116.86,2362.34,24308.45
348,18,227,6,1,1,131225.19,0.0,27557.29
349,110,227,6,2,1,73222.62,5125.58,14300.38
350,85,36,11,1,2,78364.31,3134.57,32254.75
351,63,36,11,2,1,37572.9,3757.29,7101.28
352,69,36,11,3,3,116042.98,34812.89,65796.37
353,46,158,9,1,2,86331.5,17266.3,32633.31
354,86,158,9,2,3,107559.75,6453.59,66407.39
355,95,160,9,1,2,112097.67,26903.44,41431.3
356,20,160,9,2,1,21220.82,424.42,4367.24
357,38,160,9,3,2,102110.27,4084.41,42028.59
358,100,160,9,4,2,27000.42,6480.1,9979.36
359,82,24,9,1,2,144884.51,20283.83,56591.89
360,124,24,9,2,3,144899.54,30428.9,84896.64
361,86,24,9,3,1,107559.75,12907.17,19877.04
362,149,137,12,1,3,62730.25,13173.35,36753.65
363,97,54,4,1,3,11599.78,0.0,7307.86
364,109,54,4,2,2,38194.04,0.0,16041.5
365,63,223,4,1,1,37572.9,0.0,7890.31
366,74,36,,1,1,36816.14,736.32,7576.76
367,120,103,2,1,2,140466.02,14046.6,56045.94
368,8,50,9,1,1,97174.24,4858.71,19386.26
369,42,50,9,2,3,141144.85,0.0,88921.26
370,17,50,9,3,1,21175.07,2117.51,4002.09
371,12,69,,1,1,100038.61,5001.93,19957.7
372,24,69,,2,2,40946.31,0.0,17197.45
373,92,69,,3,2,105309.14,14743.28,41133.75
374,129,69,,4,1,29122.89,1456.14,5810.02
375,7,25,9,1,3,11644.54,2445.35,6822.54
376,123,25,9,2,3,11328.86,0.0,7137.18
377,146,62,4,1,3,70778.34,14863.45,41469.03
378,25,62,4,2,1,15294.0,305.88,3147.51
379,72,117,,1,3,14028.53,2104.28,8396.08
380,74,241,3,1,2,36816.14,5154.26,14380.38
381,34,241,3,2,2,32535.19,3253.52,12981.54
382,132,241,3,3,3,38667.32,5800.1,23142.39
383,144,225,2,1,1,98909.6,1978.19,20355.6
384,27,225,2,2,2,122087.06,17092.19,47687.21
385,121,55,11,1,1,130462.79,15655.53,24109.52
386,55,55,11,2,2,110639.03,22127.81,41821.55
387,65,55,,1,3,62949.67,3776.98,38865.13
388,22,55,,2,1,142293.06,0.0,29881.54
389,71,55,,3,2,105622.72,0.0,44361.54
390,88,229,7,1,2,113819.06,4552.76,46847.93
391,51,229,7,2,2,131464.18,18404.99,51349.91
392,124,229,7,3,2,144899.54,28979.91,54772.03
393,42,229,7,4,3,141144.85,29640.42,82696.77
394,83,51,,1,3,141513.24,50944.77,78454.94
395,82,51,,2,1,144884.51,2897.69,29817.23
396,95,90,4,1,2,112097.67,0.0,47081.02
397,134,167,11,1,2,71241.19,0.0,29921.3
398,46,167,11,2,2,86331.5,12086.41,33721.08
399,96,167,11,3,1,47955.74,4795.57,9063.63
400,42,167,11,4,3,141144.85,29640.42,82696.77
401,32,58,11,1,2,130374.31,18252.4,50924.21
402,106,58,11,2,3,136719.66,49219.08,75797.38
403,102,58,11,3,1,142400.58,7120.03,28408.92
404,58,58,11,4,3,78532.76,11779.91,47001.86
405,100,165,,1,3,27000.42,1620.03,16670.06
406,104,165,,2,2,9732.78,1946.56,3678.99
407,48,7,,1,1,118116.86,14174.02,21828.0
408,57,7,,2,2,67538.12,2701.52,27798.69
409,138,7,,3,1,119348.52,14321.82,22055.61
410,29,71,,1,2,121085.91,24217.18,45770.47
411,140,156,,1,1,42260.66,845.21,8697.24
412,134,156,,2,3,71241.19,10686.18,42637.85
413,32,156,,3,1,130374.31,13037.43,24640.74
414,8,156,,4,3,97174.24,0.0,61219.77
415,33,231,,1,2,139345.12,13934.51,55598.7
416,50,167,8,1,2,121324.1,4852.96,49937.0
417,51,167,8,2,3,131464.18,47327.1,72883.74
418,72,167,8,3,2,14028.53,0.0,5891.98
419,150,167,8,4,3,12333.88,1850.08,7381.83
420,110,212,8,1,1,73222.62,3661.13,14607.91
421,63,212,8,2,1,37572.9,751.46,7732.5
422,96,212,8,3,2,47955.74,1918.23,19738.58
423,27,17,11,1,3,122087.06,18313.06,73069.11
424,20,17,11,2,3,21220.82,7639.5,11764.82
425,32,13,11,1,2,130374.31,5214.97,53662.07
426,127,71,7,1,3,131495.54,0.0,82842.19
427,101,71,7,2,2,117475.56,28194.13,43418.97
428,117,71,7,3,2,71909.94,17258.39,26577.91
429,98,29,3,1,2,131544.36,31570.65,48618.8
430,44,29,3,2,1,41412.58,4141.26,7826.98
431,118,29,3,3,1,126034.97,2520.7,25938.0
432,4,178,3,1,3,54336.32,3260.18,33547.24
433,120,178,3,2,2,140466.02,5618.64,57815.81
434,130,220,8,1,1,56977.18,1139.54,11725.9
435,57,220,8,2,2,67538.12,9455.34,26380.39
436,129,31,3,1,2,29122.89,5824.58,11008.45
437,86,31,3,2,1,107559.75,7529.18,21006.42
438,70,31,3,3,2,39001.57,0.0,16380.66
439,13,31,3,4,3,113023.4,23734.91,66220.41
440,14,175,3,1,1,36801.51,3680.15,6955.49
441,81,190,9,1,3,72429.93,0.0,45630.86
442,43,190,9,2,1,45854.66,2292.73,9148.0
443,90,199,,1,3,79910.95,11986.64,47826.7
444,125,199,,2,2,109754.35,10975.44,43791.99
445,118,199,,3,1,126034.97,6301.75,25143.98
446,78,199,,4,3,126062.08,18909.31,75448.15
447,92,70,1,1,2,105309.14,0.0,44229.84
448,63,70,1,2,3,37572.9,13526.24,20830.42
449,135,50,10,1,1,88347.73,4417.39,17625.37
450,90,50,10,2,2,79910.95,11187.53,31213.22
451,107,50,10,3,2,68677.25,6867.73,27402.22
452,49,50,10,4,1,146549.87,14654.99,27697.93
453,126,117,1,1,2,95372.61,0.0,40056.5
454,51,202,,1,2,131464.18,26292.84,49693.46
455,21,202,,2,2,17419.75,696.79,7169.97
456,45,103,1,1,3,5514.12,1157.97,3230.72
457,83,103,1,2,3,141513.24,8490.79,87370.27
458,52,103,1,3,2,37323.91,1492.96,15362.52
459,63,246,10,1,3,37572.9,11271.87,21303.83
460,96,246,10,2,1,47955.74,4795.57,9063.63
461,140,246,10,3,3,42260.66,6339.1,25293.01
462,86,118,3,1,3,107559.75,0.0,67762.64
463,35,32,,1,1,13288.96,1594.68,2455.8
464,40,32,,2,2,82956.99,19909.68,30660.9
465,80,32,,3,3,126688.18,0.0,79813.55
466,125,32,,4,3,109754.35,39511.57,60847.81
467,131,38,,1,3,30385.06,10938.62,16845.48
468,140,38,,2,1,42260.66,2958.25,8253.51
469,109,71,10,1,1,38194.04,0.0,8020.75
470,73,71,10,2,2,5854.93,0.0,2459.07
471,145,71,10,3,2,11575.29,0.0,4861.62
472,149,71,10,4,2,62730.25,0.0,26346.7
473,132,220,,1,1,38667.32,773.35,7957.73
474,39,220,,2,2,50845.69,12202.97,18792.57
475,145,220,,3,2,11575.29,1620.54,4521.31
476,36,220,,4,2,14935.59,3584.54,5520.19
477,34,247,,1,3,32535.19,4880.28,19472.31
478,149,247,,2,2,62730.25,12546.05,23712.03
479,104,247,,3,1,9732.78,0.0,2043.88
480,8,30,,1,1,97174.24,4858.71,19386.26
481,28,30,,2,3,72718.58,15270.9,42605.82
482,97,30,,3,1,11599.78,1391.97,2143.64
483,92,128,6,1,3,105309.14,31592.74,59710.28
484,36,128,6,2,1,14935.59,1045.49,2916.92
485,110,128,6,3,3,73222.62,15376.75,42901.13
486,68,80,,1,3,125432.53,0.0,79022.49
487,9,80,,2,2,93324.0,13065.36,36452.35
488,67,80,,3,1,71186.96,3559.35,14201.8
489,16,80,,4,1,91403.82,1828.08,18810.91
490,111,27,3,1,2,73151.51,7315.15,29187.45
491,59,27,3,2,1,65964.72,0.0,13852.59
492,7,27,3,3,1,11644.54,1164.45,2200.82
493,20,106,3,1,1,21220.82,424.42,4367.24
494,20,75,4,1,1,21220.82,1061.04,4233.55
495,37,60,7,1,1,94810.32,1896.21,19511.96
496,113,60,7,2,3,41597.83,8735.54,24372.17
497,30,60,7,3,1,31605.77,2212.4,6172.61
498,88,237,,1,3,113819.06,34145.72,64535.41
499,93,198,7,1,2,149511.56,35882.77,55259.47
500,65,198,7,2,3,62949.67,18884.9,35692.46
501,4,198,7,3,1,54336.32,2716.82,10840.1
502,105,120,,1,1,119235.06,11923.51,22535.43
503,21,120,,2,2,17419.75,3483.95,6584.67
504,45,197,7,1,1,5514.12,551.41,1042.17
505,13,197,7,2,1,113023.4,0.0,23734.91
506,61,67,7,1,2,69058.97,0.0,29004.77
507,7,96,11,1,2,11644.54,2328.91,4401.64
508,93,96,11,2,2,149511.56,20931.62,58399.22
509,28,42,9,1,3,72718.58,4363.11,44896.45
510,39,183,8,1,2,50845.69,12202.97,18792.57
511,21,249,2,1,2,17419.75,3483.95,6584.67
512,130,249,2,2,1,56977.18,2848.86,11366.95
513,124,249,2,3,3,144899.54,8693.97,89460.98
514,33,31,12,1,1,139345.12,9754.16,27214.1
515,31,91,6,1,2,145504.46,14550.45,58056.28
516,28,91,6,2,3,72718.58,0.0,45812.71
517,19,91,6,3,3,115564.07,17334.61,69165.1
518,145,242,1,1,3,11575.29,3472.59,6563.19
519,26,209,,1,2,102001.78,10200.18,40698.71
520,43,209,,2,1,45854.66,2292.73,9148.0
521,71,209,,3,2,105622.72,14787.18,41256.23
522,76,73,,1,1,17172.38,2060.69,3173.46
523,31,73,,2,2,145504.46,20370.62,56834.04
524,127,73,,3,2,131495.54,0.0,55228.13
525,36,73,,4,2,14935.59,3584.54,5520.19
526,51,243,1,1,2,131464.18,18404.99,51349.91
527,39,243,1,2,2,50845.69,2033.83,20928.09
528,46,192,5,1,1,86331.5,6043.21,16860.54
529,68,192,5,2,3,125432.53,26340.83,73490.92
530,126,169,,1,3,95372.61,20028.25,55878.81
531,92,169,,2,3,105309.14,22114.92,61700.63
532,76,169,,3,1,17172.38,343.45,3534.08
533,29,169,,4,2,121085.91,16952.03,47296.16
534,114,198,7,1,2,12859.59,1800.34,5022.96
535,67,198,7,2,1,71186.96,3559.35,14201.8
536,125,198,7,3,3,109754.35,6585.26,67762.34
537,87,198,7,4,3,68158.3,0.0,42939.73
538,34,200,1,1,3,32535.19,9760.56,18447.45
539,6,200,1,2,3,16426.03,0.0,10348.4
540,98,200,1,3,1,131544.36,15785.32,24309.4
541,78,129,11,1,1,126062.08,2521.24,25943.58
542,64,129,11,2,1,71035.34,3551.77,14171.55
543,32,129,11,3,2,130374.31,31289.83,48186.34
544,105,68,11,1,3,119235.06,17885.26,71362.18
545,124,68,11,2,2,144899.54,34775.89,53554.87
546,58,244,9,1,3,78532.76,0.0,49475.64
547,102,244,9,2,1,142400.58,9968.04,27810.83
548,95,244,9,3,2,112097.67,22419.53,42372.92
549,28,244,9,4,3,72718.58,10907.79,43522.07
550,81,69,5,1,3,72429.93,4345.8,44718.24
551,83,69,5,2,2,141513.24,33963.18,52303.29
552,124,69,5,3,3,144899.54,43469.86,82158.04
553,21,69,5,4,1,17419.75,1219.38,3402.08
554,37,70,7,1,2,94810.32,18962.06,35838.3
555,53,70,7,2,3,55916.19,20129.83,30999.94
556,41,25,,1,1,68536.76,3426.84,13673.08
557,144,25,,2,1,98909.6,4945.48,19732.47
558,4,25,,3,1,54336.32,2716.82,10840.1
559,73,25,,4,2,5854.93,1170.99,2213.16
560,72,169,,1,1,14028.53,701.43,2798.69
561,145,169,,2,1,11575.29,231.51,2382.19
562,44,155,,1,1,41412.58,828.25,8522.71
563,56,155,,2,1,11436.05,1143.61,2161.41
564,129,36,11,1,1,29122.89,582.46,5993.49
565,144,36,11,2,2,98909.6,13847.34,38634.09
566,99,36,11,3,3,41609.37,8737.97,24378.93
567,55,222,8,1,3,110639.03,33191.71,62732.33
568,49,222,8,2,2,146549.87,14654.99,58473.4
569,46,222,8,3,3,86331.5,0.0,54388.85
570,51,222,8,4,2,131464.18,13146.42,52454.21
571,46,192,,1,1,86331.5,0.0,18129.61
572,108,192,,2,1,16664.07,0.0,3499.45
573,44,72,5,1,3,41412.58,14908.53,22959.13
574,94,72,5,2,3,22495.1,0.0,14171.91
575,104,72,5,3,2,9732.78,2335.87,3597.24
576,6,236,,1,1,16426.03,0.0,3449.47
577,56,236,,2,3,11436.05,1715.41,6844.48
578,118,236,,3,1,126034.97,15124.2,23291.26
579,145,14,,1,2,11575.29,1620.54,4521.31
580,58,14,,2,1,78532.76,3926.64,15667.29
581,120,180,8,1,2,140466.02,0.0,58995.73
582,30,180,8,2,3,31605.77,11378.08,17522.24
583,92,96,11,1,1,105309.14,2106.18,21672.62
584,110,249,5,1,2,73222.62,14644.52,27678.15
585,103,249,5,2,3,30202.96,0.0,19027.86
586,42,249,5,3,3,141144.85,8468.69,87142.83
587,77,249,5,4,3,35690.74,12848.67,19786.95
588,121,41,7,1,3,130462.79,27397.19,76438.15
589,119,41,7,2,3,138670.88,8320.25,85615.4
590,137,103,7,1,1,97309.59,4865.48,19413.26
591,126,103,7,2,3,95372.61,34334.14,52874.57
592,7,103,7,3,1,11644.54,1164.45,2200.82
593,46,103,7,4,1,86331.5,4316.57,17223.13
594,104,133,1,1,1,9732.78,194.66,2003.01
595,87,195,11,1,3,68158.3,20447.49,38645.76
596,64,153,,1,1,71035.34,0.0,14917.42
597,137,153,,2,1,97309.59,1946.19,20026.31
598,38,153,,3,3,102110.27,21443.16,59826.41
599,111,153,,4,2,73151.51,7315.15,29187.45
600,26,118,1,1,2,102001.78,20400.36,38556.67
601,21,118,1,2,2,17419.75,4180.74,6438.34
602,147,66,,1,2,99963.68,9996.37,39885.51
603,132,66,,2,3,38667.32,2320.04,23873.2
604,118,58,2,1,3,126034.97,26467.34,73843.89
605,85,58,2,2,3,78364.31,16456.51,45913.65
606,122,58,2,3,3,140263.58,0.0,88366.06
607,91,173,10,1,3,98655.92,20717.74,57802.5
608,107,173,10,2,1,68677.25,3433.86,13701.11
609,56,34,10,1,1,11436.05,0.0,2401.57
610,147,34,10,2,2,99963.68,3998.55,41145.05
611,41,34,10,3,3,68536.76,14392.72,40155.69
612,141,34,10,4,2,72908.05,7290.81,29090.31
613,99,1,,1,3,41609.37,14979.37,23068.23
614,62,131,6,1,1,46149.03,3230.43,9012.91
615,52,131,6,2,2,37323.91,1492.96,15362.52
616,76,131,6,3,1,17172.38,0.0,3606.2
617,137,19,,1,3,97309.59,0.0,61305.04
618,110,213,3,1,1,73222.62,0.0,15376.75
619,38,213,3,2,2,102110.27,20422.05,38597.68
620,29,213,3,3,3,121085.91,7265.15,74758.44
621,94,213,3,4,2,22495.1,5398.82,8314.19
622,114,118,10,1,2,12859.59,1800.34,5022.96
623,67,118,10,2,3,71186.96,10678.04,42605.4
624,10,118,10,3,1,148480.89,2969.62,30557.37
625,123,38,2,1,3,11328.86,679.73,6994.44
626,89,38,2,2,3,31366.78,1882.01,19365.85
627,129,38,2,3,2,29122.89,5824.58,11008.45
628,96,38,2,4,2,47955.74,6713.8,18731.51
629,39,243,,1,2,50845.69,10169.14,19219.67
630,31,243,,2,3,145504.46,8730.27,89834.45
631,26,230,,1,2,102001.78,20400.36,38556.67
632,18,230,,2,2,131225.19,26245.04,49603.12
633,137,230,,3,3,97309.59,29192.88,55174.54
634,21,230,,4,1,17419.75,1219.38,3402.08
635,123,138,2,1,1,11328.86,793.02,2212.53
636,22,138,2,2,2,142293.06,5691.72,58567.82
637,117,149,10,1,1,71909.94,3595.5,14346.03
638,105,149,10,2,3,119235.06,17885.26,71362.18
639,50,173,8,1,1,121324.1,2426.48,24968.5
640,55,173,8,2,2,110639.03,22127.81,41821.55
641,41,147,,1,3,68536.76,24673.23,37996.78
642,41,147,,2,2,68536.76,13707.35,25906.9
643,81,121,7,1,2,72429.93,7242.99,28899.54
644,109,121,7,2,3,38194.04,8020.75,22377.89
645,107,121,7,3,1,68677.25,4807.41,13412.67
646,96,5,5,1,1,47955.74,2397.79,9567.17
647,110,5,5,2,2,73222.62,7322.26,29215.83
648,143,5,5,3,3,124250.51,44730.18,68884.48
649,12,63,,1,3,100038.61,21008.11,58612.62
650,125,63,,2,1,109754.35,5487.72,21895.99
651,97,63,,3,1,11599.78,0.0,2435.95
652,15,63,,4,3,27161.99,4074.3,16256.45
653,77,226,,1,3,35690.74,2141.44,22035.46
654,144,226,,2,1,98909.6,6923.67,19317.04
655,93,210,,1,2,149511.56,35882.77,55259.47
656,55,210,,2,1,110639.03,5531.95,22072.49
657,120,210,,3,1,140466.02,9832.62,27433.01
658,143,73,8,1,1,124250.51,12425.05,23483.35
659,58,148,8,1,2,78532.76,10994.59,30674.9
660,49,168,5,1,1,146549.87,2931.0,30159.96
661,79,168,5,2,1,99270.89,0.0,20846.89
662,51,223,4,1,1,131464.18,9202.49,25674.95
663,32,223,4,2,1,130374.31,2607.49,26831.03
664,130,223,4,3,3,56977.18,20511.78,31588.15
665,133,223,4,4,1,103253.58,2065.07,21249.59
666,2,93,,1,2,9608.49,1345.19,3753.08
667,71,59,,1,3,105622.72,38024.18,58557.24
668,96,202,5,1,2,47955.74,9591.15,18127.27
669,83,202,5,2,1,141513.24,0.0,29717.78
670,85,202,5,3,1,78364.31,5485.5,15304.55
671,9,202,5,4,3,93324.0,5599.44,57618.24
672,24,135,6,1,2,40946.31,0.0,17197.45
673,29,135,6,2,2,121085.91,16952.03,47296.16
674,139,80,,1,2,113384.73,22676.95,42859.43
675,25,80,,2,2,15294.0,2141.16,5973.84
676,147,80,,3,1,99963.68,1999.27,20572.53
677,13,109,,1,1,113023.4,2260.47,23260.22
678,4,109,,2,1,54336.32,6520.36,10041.35
679,9,109,,3,1,93324.0,1866.48,19206.08
680,102,109,,4,2,142400.58,0.0,59808.24
681,110,172,,1,3,73222.62,0.0,46130.25
682,140,172,,2,1,42260.66,0.0,8874.74
683,59,172,,3,2,65964.72,0.0,27705.18
684,137,200,,1,2,97309.59,19461.92,36783.03
685,77,249,,1,1,35690.74,0.0,7495.06
686,65,249,,2,3,62949.67,18884.9,35692.46
687,3,32,4,1,3,36963.89,0.0,23287.25
688,134,32,4,2,2,71241.19,14248.24,26929.17
689,27,32,4,3,3,122087.06,36626.12,69223.36
690,98,157,,1,2,131544.36,0.0,55248.63
691,62,58,,1,3,46149.03,9691.3,27038.72
692,111,58,,2,2,73151.51,0.0,30723.63
693,27,58,,3,2,122087.06,29300.89,45123.38
694,125,108,9,1,1,109754.35,10975.44,20743.57
695,11,200,11,1,3,124161.38,0.0,78221.67
696,26,200,11,2,3,102001.78,0.0,64261.12
697,31,200,11,3,1,145504.46,7275.22,29028.14
698,149,200,11,4,3,62730.25,22582.89,34777.65
699,64,117,9,1,2,71035.34,9944.95,27746.4
700,13,117,9,2,2,113023.4,15823.28,44146.94
701,68,117,9,3,1,125432.53,2508.65,25814.01
702,138,200,5,1,3,119348.52,7160.91,73685.78
703,82,200,5,2,2,144884.51,0.0,60851.49
704,24,200,5,3,3,40946.31,8598.73,23990.44
705,68,20,,1,1,125432.53,15051.9,23179.93
706,88,20,,2,3,113819.06,17072.86,68120.71
707,102,20,,3,1,142400.58,9968.04,27810.83
708,27,20,,4,3,122087.06,18313.06,73069.11
709,127,212,1,1,1,131495.54,15779.46,24300.38
710,107,76,,1,3,68677.25,20603.18,38940.0
711,146,76,,2,1,70778.34,4954.48,13823.01
712,48,76,,3,3,118116.86,35435.06,66972.26
713,103,76,,4,3,30202.96,9060.89,17125.08
714,94,204,9,1,1,22495.1,1124.75,4487.77
715,139,204,9,2,2,113384.73,0.0,47621.59
716,35,204,9,3,2,13288.96,3189.35,4911.6
717,89,245,,1,2,31366.78,7528.03,11593.16
718,102,243,,1,1,142400.58,17088.07,26315.63
719,116,243,,2,2,107918.51,21583.7,40793.2
720,104,167,10,1,3,9732.78,3503.8,5395.85
721,136,143,2,1,1,137039.46,0.0,28778.29
722,90,10,,1,3,79910.95,4794.66,49337.02
723,140,26,1,1,3,42260.66,2535.64,26091.73
724,73,26,1,2,2,5854.93,234.2,2409.89
725,115,26,1,3,1,43723.15,2186.16,8722.77
726,110,26,1,4,2,73222.62,10251.17,28600.76
727,112,13,9,1,3,101074.61,30322.38,57309.3
728,53,26,12,1,2,55916.19,2236.65,23015.1
729,49,105,,1,2,146549.87,14654.99,58473.4
730,3,105,,2,3,36963.89,13307.0,20492.78
731,102,105,,3,1,142400.58,17088.07,26315.63
732,123,217,10,1,1,11328.86,0.0,2379.06
733,59,217,10,2,1,65964.72,4617.53,12882.91
734,48,217,10,3,1,118116.86,14174.02,21828.0
735,18,217,10,4,1,131225.19,9185.76,25628.28
736,40,197,5,1,2,82956.99,8295.7,33099.84
737,83,176,3,1,2,141513.24,0.0,59435.56
738,37,176,3,2,1,94810.32,11377.24,17520.95
739,74,236,,1,3,36816.14,13253.81,20410.87
740,45,236,,2,2,5514.12,551.41,2200.13
741,56,84,11,1,3,11436.05,686.16,7060.62
742,146,84,11,2,1,70778.34,8493.4,13079.84
743,139,96,7,1,3,113384.73,23810.79,66432.11
744,114,142,4,1,1,12859.59,1543.15,2376.45
745,53,142,4,2,2,55916.19,11183.24,21136.32
746,55,85,1,1,2,110639.03,0.0,46468.39
747,93,85,1,2,3,149511.56,22426.73,89482.67
748,41,231,,1,3,68536.76,20561.03,38860.34
749,121,231,,2,3,130462.79,19569.42,78081.98
750,64,231,,3,1,71035.34,8524.24,13127.33
751,38,231,,4,2,102110.27,0.0,42886.31
752,126,239,11,1,3,95372.61,28611.78,54076.27
753,132,229,10,1,2,38667.32,7733.46,14616.25
754,7,229,10,2,2,11644.54,1164.45,4646.17
755,118,68,11,1,3,126034.97,0.0,79402.03
756,86,68,11,2,3,107559.75,0.0,67762.64
757,34,68,11,3,3,32535.19,0.0,20497.17
758,86,98,11,1,2,107559.75,21511.95,40657.59
759,109,98,11,2,2,38194.04,9166.57,14116.52
760,88,98,11,3,1,113819.06,5690.95,22706.9
761,67,98,11,4,3,71186.96,4271.22,43950.83
762,28,207,9,1,1,72718.58,0.0,15270.9
763,46,207,9,2,2,86331.5,0.0,36259.23
764,13,24,1,1,3,113023.4,0.0,71204.74
765,100,24,1,2,2,27000.42,6480.1,9979.36
766,114,155,5,1,1,12859.59,1285.96,2430.46
767,42,136,,1,1,141144.85,0.0,29640.42
768,17,136,,2,2,21175.07,2117.51,8448.85
769,16,136,,3,3,91403.82,19194.8,53553.5
770,119,11,9,1,2,138670.88,19413.92,54164.85
771,40,11,9,2,1,82956.99,9954.84,15330.45
772,99,11,9,3,2,41609.37,0.0,17475.94
773,36,11,9,4,2,14935.59,2090.98,5833.84
774,91,111,,1,1,98655.92,0.0,20717.74
775,64,249,,1,1,71035.34,3551.77,14171.55
776,60,249,,2,2,84450.9,20268.22,31213.05
777,122,249,,3,2,140263.58,28052.72,53019.63
778,88,249,,4,3,113819.06,17072.86,68120.71
779,126,249,4,1,3,95372.61,20028.25,55878.81
780,5,249,4,2,2,57052.01,11410.4,21565.66
781,81,212,10,1,3,72429.93,21728.98,41067.77
782,52,212,10,2,3,37323.91,2239.43,23043.78
783,31,212,10,3,2,145504.46,34921.07,53778.45
784,16,212,10,4,3,91403.82,5484.23,56432.72
785,51,195,7,1,3,131464.18,39439.25,74540.19
786,117,195,7,2,2,71909.94,2876.4,29598.13
787,33,195,7,3,2,139345.12,0.0,58524.95
788,46,97,1,1,2,86331.5,17266.3,32633.31
789,9,97,1,2,3,93324.0,13998.6,55854.41
790,83,97,1,3,3,141513.24,42453.97,80238.01
791,11,97,1,4,3,124161.38,0.0,78221.67
792,62,209,4,1,1,46149.03,5537.88,8528.34
793,143,209,4,2,1,124250.51,0.0,26092.61
794,131,150,11,1,1,30385.06,2126.95,5934.2
795,55,150,11,2,1,110639.03,11063.9,20910.78
796,2,150,11,3,3,9608.49,3459.06,5326.95
797,84,41,6,1,2,120452.95,16863.41,47048.92
798,31,41,6,2,3,145504.46,21825.67,87084.42
799,53,131,2,1,2,55916.19,13419.89,20666.62
800,100,131,2,2,3,27000.42,4050.06,16159.75
801,118,131,2,3,2,126034.97,25206.99,47641.22
802,3,20,,1,2,36963.89,0.0,15524.83
803,29,191,,1,1,121085.91,14530.31,22376.68
804,49,185,,1,1,146549.87,17585.98,27082.42
805,115,185,,2,1,43723.15,5246.78,8080.04
806,12,185,,3,3,100038.61,21008.11,58612.62
807,140,74,8,1,1,42260.66,2113.03,8431.0
808,96,74,8,2,3,47955.74,14386.72,27190.9
809,139,74,8,3,1,113384.73,5669.24,22620.25
810,89,74,8,4,2,31366.78,1254.67,12910.57
811,23,209,12,1,3,108377.6,16256.64,64863.99
812,36,209,12,2,2,14935.59,1493.56,5959.3
813,120,209,12,3,2,140466.02,28093.2,53096.16
814,43,209,12,4,1,45854.66,2292.73,9148.0
815,84,190,4,1,3,120452.95,18067.94,72091.09
816,49,62,12,1,1,146549.87,0.0,30775.47
817,3,65,12,1,3,36963.89,11089.17,20958.53
818,77,65,12,2,2,35690.74,4996.7,13940.8
819,96,65,12,3,1,47955.74,2397.79,9567.17
820,110,65,12,4,3,73222.62,21966.79,41517.23
821,122,126,,1,2,140263.58,28052.72,53019.63
822,26,126,,2,2,102001.78,24480.43,37699.86
823,90,126,,3,3,79910.95,16781.3,46819.83
824,18,25,2,1,3,131225.19,7873.51,81018.43
825,119,25,2,2,2,138670.88,33281.01,51252.76
826,145,25,2,3,2,11575.29,2315.06,4375.46
827,13,25,2,4,2,113023.4,22604.68,42722.85
828,43,88,,1,1,45854.66,917.09,9436.89
829,9,135,7,1,2,93324.0,13065.36,36452.35
830,143,135,7,2,3,124250.51,26092.61,72798.37
831,18,135,7,3,1,131225.19,0.0,27557.29
832,68,135,7,4,3,125432.53,18814.88,75071.37
833,29,192,,1,3,121085.91,43590.93,67130.03
834,123,221,10,1,1,11328.86,0.0,2379.06
835,45,221,10,2,2,5514.12,1102.82,2084.34
836,139,221,10,3,1,113384.73,2267.69,23334.58
837,33,221,10,4,3,139345.12,8360.71,86031.68
838,134,123,12,1,2,71241.19,9973.77,27826.81
839,20,123,12,2,2,21220.82,4244.16,8021.47
840,137,144,6,1,3,97309.59,29192.88,55174.54
841,17,144,6,2,2,21175.07,5082.02,7826.31
842,69,144,6,3,2,116042.98,11604.3,46301.15
843,31,183,9,1,3,145504.46,52381.61,80667.67
844,75,183,9,2,3,126873.32,7612.4,78331.59
845,138,63,,1,2,119348.52,4773.94,49123.85
846,66,63,,2,3,30503.57,0.0,19217.25
847,65,63,,3,1,62949.67,4406.48,12294.07
848,141,63,,4,2,72908.05,0.0,30621.38
849,11,138,7,1,3,124161.38,37248.41,70399.5
850,16,138,7,2,1,91403.82,0.0,19194.8
851,6,159,,1,3,16426.03,4927.81,9313.56
852,82,159,,2,1,144884.51,2897.69,29817.23
853,39,60,2,1,3,50845.69,10677.59,29790.49
854,98,60,2,2,1,131544.36,13154.44,24861.88
855,70,60,2,3,1,39001.57,4680.19,7207.49
856,126,60,2,4,2,95372.61,19074.52,36050.85
857,100,240,,1,3,27000.42,4050.06,16159.75
858,65,195,5,1,1,62949.67,6294.97,11897.49
859,60,72,5,1,1,84450.9,8445.09,15961.22
860,18,61,,1,1,131225.19,6561.26,26179.43
861,42,119,6,1,3,141144.85,42343.46,80029.13
862,11,119,6,2,1,124161.38,8691.3,24248.72
863,81,30,12,1,2,72429.93,2897.2,29812.16
864,113,167,8,1,2,41597.83,5823.7,16248.11
865,103,167,8,2,2,30202.96,7248.71,11163.01
866,14,243,6,1,2,36801.51,5152.21,14374.67
867,99,243,6,2,3,41609.37,8737.97,24378.93
868,20,243,6,3,3,21220.82,3183.12,12700.66
869,113,160,,1,2,41597.83,5823.7,16248.11
870,37,183,10,1,1,94810.32,0.0,19910.17
871,99,183,10,2,2,41609.37,5825.31,16252.62
872,148,208,,1,3,69290.55,20787.17,39287.74
873,85,208,,2,3,78364.31,28211.15,43445.17
874,84,208,,3,3,120452.95,7227.18,74367.65
875,106,232,,1,3,136719.66,28711.13,80104.05
876,108,232,,2,3,16664.07,2499.61,9973.45
877,77,232,,3,1,35690.74,713.81,7345.15
878,22,206,4,1,1,142293.06,0.0,29881.54
879,22,206,4,2,3,142293.06,0.0,89644.63
880,39,206,4,3,3,50845.69,10677.59,29790.49
881,127,206,4,4,1,131495.54,15779.46,24300.38
882,11,216,9,1,1,124161.38,6208.07,24770.2
883,92,101,9,1,3,105309.14,15796.37,63027.52
884,76,101,9,2,3,17172.38,6182.06,9520.37
885,103,101,9,3,2,30202.96,1208.12,12431.54
886,80,101,9,4,3,126688.18,19003.23,75822.88
887,94,151,8,1,1,22495.1,1574.66,4393.29
888,72,125,7,1,1,14028.53,1683.42,2592.47
889,47,125,7,2,2,67319.07,0.0,28274.01
890,3,125,7,3,3,36963.89,5544.58,22122.89
891,88,125,7,4,3,113819.06,17072.86,68120.71
892,112,169,9,1,3,101074.61,0.0,63677.0
893,117,169,9,2,3,71909.94,21572.98,40772.94
894,11,172,9,1,1,124161.38,8691.3,24248.72
895,62,172,9,2,2,46149.03,0.0,19382.59
896,30,197,3,1,1,31605.77,2212.4,6172.61
897,144,197,3,2,3,98909.6,14836.44,59197.4
898,46,197,3,3,3,86331.5,31079.34,47862.18
899,70,40,1,1,1,39001.57,0.0,8190.33
900,88,134,4,1,2,113819.06,15934.67,44457.72
901,107,49,,1,3,68677.25,0.0,43266.67
902,81,49,,2,2,72429.93,0.0,30420.57
903,35,49,,3,1,13288.96,1328.9,2511.61
904,20,67,10,1,3,21220.82,3183.12,12700.66
905,20,67,10,2,2,21220.82,2122.08,8467.11
906,77,67,10,3,2,35690.74,0.0,14990.11
907,7,67,10,4,2,11644.54,1164.45,4646.17
908,82,154,,1,1,144884.51,2897.69,29817.23
909,148,154,,2,1,69290.55,6929.06,13095.91
910,21,154,,3,1,17419.75,0.0,3658.15
911,104,240,,1,1,9732.78,486.64,1941.69
912,105,121,4,1,1,119235.06,14308.21,22034.64
913,134,121,4,2,2,71241.19,14248.24,26929.17
914,64,49,,1,1,71035.34,8524.24,13127.33
915,53,97,9,1,2,55916.19,5591.62,22310.56
916,49,97,9,2,3,146549.87,52757.95,81247.25
917,71,117,7,1,2,105622.72,14787.18,41256.23
918,70,117,7,2,1,39001.57,2730.11,7617.01
919,29,99,6,1,2,121085.91,29060.62,44753.35
920,95,99,6,2,3,112097.67,16814.65,67090.46
921,73,192,10,1,2,5854.93,234.2,2409.89
922,143,192,10,2,3,124250.51,37275.15,70450.04
923,146,136,3,1,2,70778.34,0.0,29726.9
924,124,136,3,2,1,144899.54,2897.99,29820.33
925,28,136,3,3,3,72718.58,10907.79,43522.07
926,109,136,3,4,2,38194.04,9166.57,14116.52
927,63,216,8,1,2,37572.9,0.0,15780.62
928,87,216,8,2,2,68158.3,9542.16,26622.63
929,60,246,1,1,2,84450.9,0.0,35469.38
930,53,246,1,2,2,55916.19,7828.27,21840.86
931,2,203,5,1,2,9608.49,384.34,3954.85
932,106,203,5,2,2,136719.66,0.0,57422.26
933,25,240,7,1,3,15294.0,4588.2,8671.7
934,28,2,,1,1,72718.58,1454.37,14965.48
935,55,2,,2,1,110639.03,2212.78,22769.51
936,107,2,,3,1,68677.25,4807.41,13412.67
937,59,2,,4,3,65964.72,3957.88,40726.62
938,115,85,11,1,2,43723.15,1748.93,17996.45
939,114,85,11,2,2,12859.59,1285.96,5130.98
940,59,120,2,1,3,65964.72,23747.3,36570.84
941,57,35,6,1,3,67538.12,24313.72,37443.13
942,23,35,6,2,3,108377.6,6502.66,66912.33
943,8,21,9,1,1,97174.24,0.0,20406.59
944,7,21,9,2,3,11644.54,4192.03,6455.73
945,7,21,9,3,3,11644.54,0.0,7336.06
946,148,193,7,1,3,69290.55,14551.02,40597.33
947,74,193,7,2,2,36816.14,7363.23,13916.5
948,63,120,1,1,2,37572.9,3757.29,14991.59
949,88,120,1,2,1,113819.06,5690.95,22706.9
950,133,120,1,3,2,103253.58,20650.72,39029.85
951,44,59,9,1,3,41412.58,8696.64,24263.63
952,11,59,9,2,3,124161.38,44698.1,68835.07
953,11,59,9,3,3,124161.38,26073.89,72746.15
954,33,159,7,1,1,139345.12,0.0,29262.48
955,69,159,7,2,1,116042.98,0.0,24369.03
956,134,17,4,1,3,71241.19,25646.83,39496.12
957,79,17,4,2,2,99270.89,9927.09,39609.09
958,6,95,7,1,3,16426.03,0.0,10348.4
959,121,95,7,2,2,130462.79,13046.28,52054.65
960,81,53,6,1,3,72429.93,0.0,45630.86
961,102,53,6,2,3,142400.58,8544.03,87918.12
962,37,53,6,3,1,94810.32,0.0,19910.17
963,127,13,,1,1,131495.54,2629.91,27061.78
964,104,13,,2,3,9732.78,1459.92,5825.07
