id,customer_id,campaign_id,order_status,order_date_id,order_time,customer_billing_address_id,customer_shipping_address_id,currency,shipping_amount,order_subtotal,order_discount,order_tax,order_total,created_at_date,created_at_time
1,228,2,delivered,236,05:25:58,359,358,ARS,0.0,608021.07,37631.06,119781.9,690171.91,236,05:25:58
2,101,8,delivered,203,13:53:32,157,156,ARS,0.0,791961.63,42047.78,157481.91,907395.76,203,13:53:32
3,99,9,paid,206,22:00:42,154,153,ARS,0.0,138581.1,16629.73,25609.79,147561.16,206,22:00:42
4,9,,shipped,242,13:25:10,,14,ARS,0.0,125460.5,15055.26,23185.1,133590.34,242,13:25:10
5,108,9,canceled,189,10:31:47,,168,ARS,0.0,823628.91,82362.89,155665.86,896931.88,189,10:31:47
6,14,7,delivered,231,00:59:38,,21,ARS,0.0,229681.2,11338.91,45851.88,264194.17,231,00:59:38
7,198,11,paid,208,23:12:48,307,306,ARS,0.0,427878.49,51345.42,79071.94,455605.02,208,23:12:48
8,78,10,delivered,220,08:30:26,,120,ARS,0.0,863637.37,51481.94,170552.64,982708.07,220,08:30:26
9,174,4,paid,153,00:18:30,267,266,ARS,0.0,108672.64,0.0,22821.25,131493.89,153,00:18:30
10,15,,canceled,233,04:26:03,,22,ARS,0.0,325132.8,6502.66,66912.33,385542.47,233,04:26:03
11,230,1,delivered,184,10:43:29,363,362,ARS,0.0,789062.52,35466.35,158255.19,911851.36,184,10:43:29
12,65,12,created,215,05:25:10,102,101,ARS,0.0,445442.67,31180.99,86994.95,501256.64,215,05:25:10
13,123,10,shipped,160,19:39:55,,187,ARS,0.0,369949.18,41495.91,68975.19,397428.46,160,19:39:55
14,100,,shipped,197,17:42:46,,155,ARS,0.0,124793.49,2495.87,25682.5,147980.12,197,17:42:46
15,149,,delivered,156,05:09:18,,229,ARS,0.0,472724.62,24065.74,94218.37,542877.25,156,05:09:18
16,45,,pending,187,05:08:32,,67,ARS,0.0,369894.29,16181.98,74279.58,427991.89,187,05:08:32
17,2,1,paid,163,23:43:46,,3,ARS,0.0,462381.58,25399.45,91766.25,528748.37,163,23:43:46
18,184,11,shipped,163,22:50:07,,283,ARS,0.0,720585.79,2485.01,150801.16,868901.94,163,22:50:07
19,190,1,delivered,174,05:45:15,294,293,ARS,0.0,329263.05,0.0,69145.24,398408.29,174,05:45:15
20,35,11,delivered,232,13:03:21,,54,ARS,0.0,537427.46,33146.31,105899.04,610180.19,232,13:03:21
21,187,11,delivered,183,09:01:23,,288,ARS,0.0,524438.15,6064.48,108858.47,627232.14,183,09:01:23
22,42,11,delivered,226,00:53:19,,64,ARS,0.0,901990.76,67048.66,175337.84,1010279.94,226,00:53:19
23,94,,paid,223,02:26:22,,145,ARS,0.0,143255.91,14203.59,27100.99,156153.31,223,02:26:22
24,195,,paid,186,18:20:03,,301,ARS,0.0,791545.87,70929.94,151329.34,871945.27,186,18:20:03
25,205,,paid,210,03:10:43,320,319,ARS,0.0,117475.56,5873.78,23436.37,135038.16,210,03:10:43
26,76,12,canceled,221,04:48:25,,117,ARS,0.0,330484.26,16158.07,66008.5,380334.69,221,04:48:25
27,152,,shipped,224,04:48:15,,232,ARS,0.0,485647.64,21797.63,97408.5,561258.52,224,04:48:15
28,38,7,shipped,172,19:25:45,59,58,ARS,0.0,388539.94,17055.88,78011.65,449495.71,172,19:25:45
29,216,,shipped,163,11:52:57,337,336,ARS,0.0,363972.3,36397.23,68790.76,396365.83,163,11:52:57
30,4,9,paid,191,16:13:22,,6,ARS,4449.17,34308.15,2401.57,6700.38,43056.13,191,16:13:22
31,230,,pending,227,21:46:12,363,362,ARS,0.0,94810.32,4740.52,18914.66,108984.46,227,21:46:12
32,194,11,pending,204,23:15:29,300,299,ARS,0.0,499625.48,48767.7,94680.13,545537.91,204,23:15:29
33,214,8,shipped,211,08:10:28,333,332,ARS,0.0,112524.82,5626.24,22448.7,129347.28,211,08:10:28
34,96,,delivered,172,21:10:38,149,148,ARS,0.0,204220.54,14295.44,39884.27,229809.37,172,21:10:38
35,177,,pending,226,12:48:08,,271,ARS,0.0,66046.18,6253.32,12556.5,72349.36,226,12:48:08
36,40,4,delivered,223,22:20:03,,61,ARS,0.0,137354.5,0.0,28844.44,166198.95,223,22:20:03
37,109,1,pending,213,15:42:04,170,169,ARS,0.0,131464.18,0.0,27607.48,159071.66,213,15:42:04
38,233,9,created,190,00:22:26,,367,ARS,0.0,391122.93,7822.46,80493.1,463793.57,190,00:22:26
39,24,4,delivered,187,21:06:29,37,36,ARS,0.0,368328.2,36832.82,69614.03,401109.41,187,21:06:29
40,195,8,pending,166,18:55:21,,301,ARS,0.0,373439.5,44812.74,69011.62,397638.38,166,18:55:21
41,80,10,paid,204,10:34:48,,123,ARS,0.0,829566.53,38738.61,166073.86,956901.79,204,10:34:48
42,153,11,pending,206,18:10:19,234,233,ARS,0.0,268062.23,15584.51,53020.32,305498.04,206,18:10:19
43,161,6,created,158,02:29:02,246,245,ARS,0.0,289873.87,18646.81,56957.68,328184.74,158,02:29:02
44,140,1,canceled,156,15:40:14,217,216,ARS,0.0,83218.74,4160.94,16602.14,95659.94,156,15:40:14
45,143,8,delivered,173,17:53:39,,220,ARS,0.0,651860.45,53947.47,125561.73,723474.71,173,17:53:39
46,89,9,shipped,159,08:53:31,137,136,ARS,0.0,634056.09,10358.85,130976.42,754673.67,159,08:53:31
47,43,8,paid,207,07:20:44,,65,ARS,0.0,479965.24,37040.1,93014.28,535939.42,207,07:20:44
48,146,11,shipped,196,02:47:28,,224,ARS,0.0,478078.32,19379.92,96326.66,555025.06,196,02:47:28
49,62,4,delivered,190,15:51:07,97,96,ARS,0.0,458676.02,34337.8,89111.03,513449.25,190,15:51:07
50,201,1,pending,162,11:25:44,313,312,ARS,0.0,139178.35,11944.62,26719.08,153952.81,162,11:25:44
51,213,7,shipped,163,08:40:05,,331,ARS,0.0,144859.86,14485.99,27378.51,157752.39,163,08:40:05
52,184,8,delivered,154,23:29:53,,283,ARS,0.0,110404.53,13248.54,20402.76,117558.74,154,23:29:53
53,226,,delivered,187,02:54:58,355,354,ARS,0.0,1029630.28,62224.95,203155.12,1170560.45,187,02:54:58
54,176,10,delivered,192,16:26:17,,270,ARS,0.0,686708.08,29003.65,138117.93,795822.36,192,16:26:17
55,49,,paid,215,13:54:39,74,73,ARS,0.0,96023.61,10059.8,18052.4,104016.21,215,13:54:39
56,61,10,delivered,199,21:13:22,95,94,ARS,0.0,720900.83,30431.87,144998.48,835467.45,199,21:13:22
57,136,,pending,166,11:24:20,210,209,ARS,0.0,278690.24,13934.51,55598.7,320354.43,166,11:24:20
58,213,9,shipped,207,06:00:24,,331,ARS,0.0,187816.13,11386.13,37050.3,213480.3,207,06:00:24
59,150,,shipped,225,06:34:27,,230,ARS,0.0,330122.23,16630.66,65833.23,379324.8,225,06:34:27
60,221,,delivered,188,11:45:58,347,346,ARS,0.0,346692.21,34669.22,65524.83,377547.82,188,11:45:58
61,115,10,shipped,224,21:51:27,,176,ARS,0.0,468683.6,37856.1,90473.77,521301.27,224,21:51:27
62,106,2,shipped,224,09:13:31,166,165,ARS,0.0,259304.48,2773.42,53871.52,310402.59,224,09:13:31
63,223,12,paid,230,13:08:01,,350,ARS,0.0,406986.82,20248.33,81215.08,467953.58,230,13:08:01
64,23,,delivered,170,17:15:26,35,34,ARS,0.0,323868.24,35278.59,60603.83,349193.48,170,17:15:26
65,16,2,shipped,192,20:08:36,,23,ARS,0.0,348128.94,24369.03,67989.58,391749.5,192,20:08:36
66,189,8,delivered,172,22:38:26,292,291,ARS,0.0,342697.59,24867.07,66744.41,384574.93,172,22:38:26
67,201,8,delivered,223,09:44:20,313,312,ARS,0.0,482263.14,13920.24,98352.01,566694.91,223,09:44:20
68,218,4,shipped,205,00:14:23,341,340,ARS,0.0,337504.34,14026.36,67930.38,391408.36,205,00:14:23
69,242,,pending,192,14:37:25,381,380,ARS,0.0,546517.28,60528.34,102057.68,588046.61,192,14:37:25
70,180,9,delivered,192,12:31:49,277,276,ARS,5522.7,42085.59,4208.56,7954.18,51353.91,192,12:31:49
71,8,,paid,190,15:23:30,13,12,ARS,0.0,182807.64,9140.38,36470.12,210137.38,190,15:23:30
72,147,3,shipped,182,21:10:30,226,225,ARS,0.0,459712.94,13988.92,93602.05,539326.07,182,21:10:30
73,150,12,shipped,208,17:49:25,,230,ARS,0.0,661872.02,62681.51,125830.01,725020.52,208,17:49:25
74,240,8,delivered,179,06:39:56,,377,ARS,0.0,709854.81,51592.45,138235.1,796497.46,179,06:39:56
75,222,,delivered,225,22:56:29,349,348,ARS,0.0,735792.59,1978.19,154101.02,887915.42,225,22:56:29
76,24,1,canceled,221,06:07:20,37,36,ARS,0.0,560893.1,17313.5,114151.72,657731.32,221,06:07:20
77,26,8,pending,193,09:23:27,,40,ARS,0.0,536023.85,30566.59,106146.02,611603.28,193,09:23:27
78,163,4,delivered,154,09:47:59,249,248,ARS,0.0,213106.02,25572.72,39381.99,226915.29,154,09:47:59
79,239,12,paid,184,13:50:27,,376,ARS,0.0,629700.79,33308.81,125242.32,721634.3,184,13:50:27
80,243,8,shipped,242,16:28:58,383,382,ARS,0.0,304902.07,23006.99,59197.97,341093.05,242,16:28:58
81,92,12,paid,241,00:18:25,,142,ARS,0.0,277341.76,5546.84,57076.93,328871.86,241,00:18:25
82,207,5,paid,215,13:12:59,323,322,ARS,4241.81,28057.06,3366.85,5184.94,34116.97,215,13:12:59
83,50,6,pending,168,02:22:06,76,75,ARS,0.0,427284.45,14957.4,86588.68,498915.74,168,02:22:06
84,1,10,shipped,235,01:53:17,2,1,ARS,0.0,818357.99,60474.05,159155.63,917039.57,235,01:53:17
85,25,3,shipped,155,21:34:24,39,38,ARS,0.0,276816.27,14373.48,55112.99,317555.77,155,21:34:24
86,14,8,delivered,203,03:29:20,,21,ARS,0.0,808625.8,87791.87,151375.12,872209.05,203,03:29:20
87,132,9,paid,221,05:18:07,202,201,ARS,0.0,488563.7,37474.46,94728.74,545817.98,221,05:18:07
88,109,,paid,177,23:19:18,170,169,ARS,0.0,683241.12,55743.9,131774.42,759271.64,177,23:19:18
89,77,10,paid,165,16:32:26,119,118,ARS,0.0,131495.54,0.0,27614.06,159109.6,165,16:32:26
90,197,7,delivered,200,07:28:31,305,304,ARS,0.0,636224.11,21027.48,129191.29,744387.92,200,07:28:31
91,79,,paid,199,06:14:20,122,121,ARS,0.0,344240.92,34019.65,65146.47,375367.73,199,06:14:20
92,219,9,delivered,193,08:59:57,343,342,ARS,5810.31,14028.53,1402.85,2651.39,21087.38,193,08:59:57
93,54,6,delivered,209,08:32:01,,82,ARS,0.0,295875.98,11888.18,59637.44,343625.24,209,08:32:01
94,165,,delivered,181,03:34:58,253,252,ARS,0.0,231128.14,0.0,48536.91,279665.05,181,03:34:58
95,168,5,delivered,181,08:15:43,,256,ARS,0.0,379561.36,42742.09,70732.05,407551.31,181,08:15:43
96,77,,shipped,224,01:10:21,119,118,ARS,0.0,365841.34,30586.31,70403.56,405658.58,224,01:10:21
97,75,1,shipped,199,18:52:44,,116,ARS,0.0,82825.16,5797.76,16175.75,93203.15,199,18:52:44
98,207,,shipped,224,17:52:30,323,322,ARS,0.0,713106.62,34223.65,142565.42,821448.4,224,17:52:30
99,196,2,canceled,161,03:49:51,303,302,ARS,0.0,501497.01,11064.37,102990.85,593423.5,161,03:49:51
100,10,,paid,242,04:58:08,,15,ARS,0.0,521285.65,40426.75,100980.37,581839.27,242,04:58:08
101,26,6,paid,220,14:13:49,,40,ARS,0.0,102664.03,2730.11,20986.12,120920.04,220,14:13:49
102,170,1,paid,191,16:09:54,260,259,ARS,4602.69,9608.49,672.59,1876.54,15415.12,191,16:09:54
103,4,8,delivered,239,02:18:00,,6,ARS,0.0,91736.66,4127.47,18397.93,106007.12,239,02:18:00
104,27,,paid,164,21:50:25,42,41,ARS,0.0,542232.71,40677.46,105326.6,606881.86,164,21:50:25
105,164,,shipped,242,00:29:02,251,250,ARS,0.0,175966.27,15202.58,33760.37,194524.06,242,00:29:02
106,209,7,delivered,181,12:03:40,326,325,ARS,0.0,350591.79,20148.39,69393.11,399836.52,181,12:03:40
107,46,6,paid,225,16:19:15,69,68,ARS,0.0,377026.26,20931.62,74779.87,430874.52,225,16:19:15
108,210,11,created,200,15:33:39,328,327,ARS,0.0,107072.22,10707.22,20236.65,116601.65,200,15:33:39
109,97,11,pending,169,17:05:06,151,150,ARS,0.0,245965.95,19561.08,47545.02,273949.9,169,17:05:06
110,96,12,shipped,234,21:25:10,149,148,ARS,0.0,119235.06,0.0,25039.36,144274.42,234,21:25:10
111,179,,paid,210,05:21:55,275,274,ARS,0.0,477089.8,36051.27,92618.09,533656.62,210,05:21:55
112,225,,paid,206,09:12:24,353,352,ARS,0.0,892160.73,30215.89,181008.42,1042953.25,206,09:12:24
113,239,11,delivered,152,06:07:52,,376,ARS,0.0,470417.57,24224.24,93700.6,539893.93,152,06:07:52
114,32,,pending,155,21:19:21,50,49,ARS,0.0,124659.5,2718.93,25607.52,147548.09,155,21:19:21
115,134,,paid,218,09:40:43,206,205,ARS,0.0,1103145.2,71325.17,216682.21,1248502.24,218,09:40:43
116,223,,delivered,169,00:56:05,,350,ARS,0.0,274078.92,32889.47,50649.78,291839.23,169,00:56:05
117,169,3,delivered,189,22:06:23,258,257,ARS,0.0,341408.14,29582.64,65483.36,377308.86,189,22:06:23
118,122,3,delivered,220,23:04:00,,186,ARS,0.0,456761.76,37053.96,88138.64,507846.44,220,23:04:00
119,109,7,delivered,238,04:35:55,170,169,ARS,0.0,384134.2,11934.85,78161.86,450361.21,238,04:35:55
120,181,12,pending,194,05:33:34,,278,ARS,0.0,272399.79,30847.9,50725.9,292277.79,194,05:33:34
121,141,12,paid,238,17:14:12,,218,ARS,0.0,663634.29,20907.21,134972.69,777699.76,238,17:14:12
122,78,11,delivered,225,05:00:30,,120,ARS,0.0,890289.97,77854.89,170611.37,983046.45,225,05:00:30
123,153,5,delivered,200,23:58:33,234,233,ARS,0.0,416012.64,29120.88,81247.27,468139.02,200,23:58:33
124,33,,paid,243,19:34:12,52,51,ARS,0.0,381625.02,35242.67,72740.29,419122.65,243,19:34:12
125,32,4,canceled,167,06:34:40,50,49,ARS,0.0,101255.4,2017.78,20839.9,120077.52,167,06:34:40
126,66,2,pending,167,18:25:41,104,103,ARS,0.0,324138.1,1349.71,67785.56,390573.96,167,18:25:41
127,114,4,shipped,240,11:23:37,,175,ARS,0.0,733109.87,8542.09,152159.23,876727.01,240,11:23:37
128,188,8,canceled,241,23:30:16,290,289,ARS,0.0,235022.4,19087.17,45346.4,261281.63,241,23:30:16
129,247,,pending,167,19:21:00,389,388,ARS,0.0,145816.1,0.0,30621.38,176437.48,167,19:21:00
130,3,2,paid,180,13:47:08,5,4,ARS,0.0,130374.31,13037.43,24640.74,141977.62,180,13:47:08
131,222,8,shipped,229,03:36:24,349,348,ARS,0.0,82825.16,5797.76,16175.75,93203.15,229,03:36:24
132,91,12,shipped,187,15:34:28,141,140,ARS,0.0,496354.45,9927.09,102149.75,588577.11,187,15:34:28
133,104,2,shipped,152,15:28:22,162,161,ARS,0.0,896321.22,80711.97,171277.94,986887.19,152,15:28:22
134,55,2,delivered,224,14:19:52,84,83,ARS,0.0,594774.45,59477.45,112412.37,647709.38,224,14:19:52
135,94,11,delivered,220,09:48:41,,145,ARS,0.0,124793.49,8735.54,24372.17,140430.11,220,09:48:41
136,237,,pending,165,00:46:12,374,373,ARS,0.0,328922.94,19851.58,64904.99,373976.35,165,00:46:12
137,123,8,paid,162,15:37:03,,187,ARS,0.0,366987.83,30792.94,70600.93,406795.82,162,15:37:03
138,181,2,delivered,216,22:14:58,,278,ARS,0.0,490495.3,52757.95,91924.84,529662.19,216,22:14:58
139,108,6,paid,158,06:37:02,,168,ARS,0.0,112524.82,13502.98,20794.59,119816.43,158,06:37:02
140,48,9,delivered,198,12:10:15,72,71,ARS,0.0,349165.25,34084.72,66166.91,381247.44,198,12:10:15
141,78,,canceled,177,19:25:34,,120,ARS,0.0,150030.82,7999.84,29826.51,171857.49,177,19:25:34
142,115,3,delivered,160,17:34:44,,176,ARS,0.0,479252.84,8267.23,98906.98,569892.58,160,17:34:44
143,67,,delivered,189,09:46:34,106,105,ARS,3201.39,41412.58,0.0,8696.64,53310.61,189,09:46:34
144,248,8,paid,154,19:33:56,,390,ARS,0.0,394633.08,19731.65,78729.3,453630.73,154,19:33:56
145,162,10,paid,181,15:47:52,,247,ARS,0.0,453832.94,11567.03,92875.84,535141.76,181,15:47:52
146,227,6,delivered,239,22:07:48,357,356,ARS,0.0,204447.81,5125.58,41857.67,241179.89,239,22:07:48
147,36,11,delivered,208,05:56:23,56,55,ARS,0.0,542430.46,41704.76,105152.4,605878.1,208,05:56:23
148,158,9,pending,162,01:34:41,,240,ARS,0.0,495342.25,23719.88,99040.7,570663.06,162,01:34:41
149,160,9,paid,165,09:52:12,244,243,ARS,0.0,503637.54,37892.37,97806.49,563551.66,165,09:52:12
150,24,9,canceled,175,14:01:05,37,36,ARS,0.0,832027.39,63619.9,161365.57,929773.06,175,14:01:05
151,137,12,shipped,181,14:00:13,212,211,ARS,0.0,188190.75,13173.35,36753.65,211771.05,181,14:00:13
152,54,4,pending,169,04:16:06,,82,ARS,0.0,111187.42,0.0,23349.36,134536.78,169,04:16:06
153,223,4,created,198,05:08:37,,350,ARS,3415.1,37572.9,0.0,7890.31,48878.31,198,05:08:37
154,36,,shipped,195,16:09:52,56,55,ARS,360.0,36816.14,736.32,7576.76,44016.58,195,16:09:52
155,103,2,paid,175,20:21:47,160,159,ARS,0.0,280932.04,14046.6,56045.94,322931.38,175,20:21:47
156,50,9,pending,161,13:12:20,76,75,ARS,0.0,541783.86,6976.22,112309.6,647117.25,161,13:12:20
157,69,,canceled,224,01:38:01,109,108,ARS,0.0,421672.4,21201.35,84098.92,484569.96,224,01:38:01
158,25,9,shipped,216,03:40:38,39,38,ARS,0.0,68920.2,2445.35,13959.72,80434.56,216,03:40:38
159,62,4,canceled,229,02:43:50,97,96,ARS,0.0,227629.02,15169.33,44616.53,257076.22,229,02:43:50
160,117,,paid,189,05:52:44,180,179,ARS,2120.21,42085.59,2104.28,8396.08,50497.6,189,05:52:44
161,241,3,canceled,214,01:26:29,379,378,ARS,0.0,254704.62,14207.88,50504.32,291001.06,214,01:26:29
162,225,2,shipped,234,02:04:38,353,352,ARS,0.0,343083.72,19070.38,68042.8,392056.14,234,02:04:38
163,55,11,pending,210,01:23:37,84,83,ARS,0.0,351740.85,37783.34,65931.08,379888.59,210,01:23:37
164,55,,paid,154,15:23:53,84,83,ARS,0.0,542387.51,3776.98,113108.21,651718.74,154,15:23:53
165,229,7,paid,158,03:21:56,361,360,ARS,0.0,1203800.11,81578.07,235666.63,1357888.66,158,03:21:56
166,51,,delivered,226,22:26:47,78,77,ARS,0.0,569424.23,53842.46,108272.17,623853.95,226,22:26:47
167,90,4,canceled,238,21:00:07,139,138,ARS,0.0,224195.34,0.0,47081.02,271276.36,238,21:00:07
168,167,11,shipped,197,12:49:25,,255,ARS,0.0,786535.67,46522.4,155402.79,895416.05,197,12:49:25
169,58,11,shipped,166,07:07:12,90,89,ARS,0.0,1048906.46,86371.42,202132.36,1164667.39,166,07:07:12
170,165,,delivered,225,15:37:23,253,252,ARS,0.0,100466.82,3566.58,20349.05,117249.29,225,15:37:23
171,7,,canceled,233,22:59:32,11,10,ARS,0.0,372541.62,31197.37,71682.29,413026.54,233,22:59:32
172,71,,delivered,232,00:50:33,,111,ARS,0.0,242171.82,24217.18,45770.47,263725.11,232,00:50:33
173,156,,pending,195,12:37:33,238,237,ARS,0.0,677881.26,24568.82,137195.61,790508.05,195,12:37:33
174,231,,created,169,08:00:04,365,364,ARS,0.0,278690.24,13934.51,55598.7,320354.43,169,08:00:04
175,167,8,shipped,215,15:52:35,,255,ARS,0.0,702099.44,54030.15,136094.55,784163.84,215,15:52:35
176,212,8,paid,166,06:33:00,,330,ARS,0.0,206707.0,6330.82,42079.0,242455.18,166,06:33:00
177,17,11,paid,179,19:11:49,25,24,ARS,0.0,429923.64,25952.55,84833.93,488805.01,179,19:11:49
178,13,11,shipped,187,15:20:12,20,19,ARS,0.0,260748.62,5214.97,53662.07,309195.71,187,15:20:12
179,71,7,delivered,203,02:54:15,,111,ARS,0.0,773257.62,45452.52,152839.07,880644.17,203,02:54:15
180,29,3,delivered,161,09:36:07,46,45,ARS,0.0,430536.27,38232.6,82383.77,474687.44,161,09:36:07
181,178,3,pending,215,02:11:39,273,272,ARS,0.0,443941.0,8878.82,91363.06,526425.24,215,02:11:39
182,220,8,delivered,191,16:31:49,345,344,ARS,0.0,192053.42,10594.88,38106.29,219564.83,191,16:31:49
183,31,3,paid,179,05:29:02,,48,ARS,0.0,582878.87,37088.67,114615.94,660406.14,179,05:29:02
184,175,3,shipped,166,07:59:40,269,268,ARS,1597.07,36801.51,3680.15,6955.49,41673.91,166,07:59:40
185,190,9,delivered,240,08:41:16,294,293,ARS,0.0,263144.45,2292.73,54778.86,315630.58,240,08:41:16
186,199,,pending,194,16:28:45,309,308,ARS,0.0,963462.76,48173.14,192210.82,1107500.44,194,16:28:45
187,70,1,pending,204,08:01:09,,110,ARS,0.0,323336.98,13526.24,65060.25,374870.99,204,08:01:09
188,50,10,shipped,187,22:49:27,76,75,ARS,0.0,532074.0,37127.63,103938.74,598885.11,187,22:49:27
189,117,1,paid,227,04:29:38,180,179,ARS,0.0,190745.22,0.0,40056.5,230801.72,227,04:29:38
190,202,,canceled,243,09:51:17,315,314,ARS,0.0,297767.86,26989.63,56863.43,327641.66,243,09:51:17
191,103,1,delivered,190,21:44:15,160,159,ARS,0.0,515729.9,11141.72,105963.52,610551.7,190,21:44:15
192,246,10,pending,169,22:23:56,,387,ARS,0.0,287456.42,22406.54,55660.47,320710.35,169,22:23:56
193,118,3,pending,186,23:39:41,,181,ARS,0.0,322679.25,0.0,67762.64,390441.89,186,23:39:41
194,32,,delivered,218,05:14:54,50,49,ARS,0.0,888530.53,61015.92,173778.07,1001292.68,218,05:14:54
195,38,,paid,236,08:45:46,59,58,ARS,0.0,133415.84,13896.87,25098.98,144617.96,236,08:45:46
196,71,10,paid,165,16:53:32,,111,ARS,0.0,198514.98,0.0,41688.15,240203.13,165,16:53:32
197,220,,paid,242,19:07:00,345,344,ARS,0.0,193380.46,18181.39,36791.8,211990.87,242,19:07:00
198,247,,shipped,175,20:58:22,389,388,ARS,0.0,232798.85,17426.33,45228.23,260600.75,175,20:58:22
199,30,,delivered,161,16:04:32,,47,ARS,0.0,326929.76,21521.59,64135.72,369543.89,161,16:04:32
200,128,6,delivered,225,17:14:53,,195,ARS,0.0,550530.87,48014.98,105528.34,608044.22,225,17:14:53
201,80,,shipped,221,04:02:12,,123,ARS,0.0,725536.37,18452.78,148487.55,855571.14,221,04:02:12
202,27,3,shipped,180,23:40:40,42,41,ARS,0.0,223912.28,8479.6,45240.86,260673.54,180,23:40:40
203,106,3,canceled,153,09:05:57,166,165,ARS,2631.34,21220.82,424.42,4367.24,27794.99,153,09:05:57
204,75,4,shipped,213,23:56:30,,116,ARS,5630.22,21220.82,1061.04,4233.55,30023.55,213,23:56:30
205,60,7,delivered,178,04:28:08,,93,ARS,0.0,251209.58,12844.15,50056.74,288422.16,178,04:28:08
206,237,,delivered,227,07:53:02,374,373,ARS,0.0,341457.18,34145.72,64535.41,371846.87,227,07:53:02
207,198,7,paid,202,01:24:20,307,306,ARS,0.0,542208.45,57484.49,101792.03,586515.99,202,01:24:20
208,120,,canceled,213,23:13:10,184,183,ARS,0.0,154074.56,15407.46,29120.09,167787.2,213,23:13:10
209,197,7,paid,215,04:37:55,305,304,ARS,0.0,118537.52,551.41,24777.08,142763.19,215,04:37:55
210,67,7,created,197,19:40:36,106,105,ARS,0.0,138117.94,0.0,29004.77,167122.71,197,19:40:36
211,96,11,pending,206,10:18:24,149,148,ARS,0.0,322312.2,23260.53,62800.85,361852.53,206,10:18:24
212,42,9,created,171,21:31:33,,64,ARS,0.0,218155.74,4363.11,44896.45,258689.08,171,21:31:33
213,183,8,delivered,200,21:12:53,282,281,ARS,0.0,101691.38,12202.97,18792.57,108280.98,200,21:12:53
214,249,2,delivered,208,14:55:29,392,391,ARS,0.0,526515.3,15026.78,107412.59,618901.11,208,14:55:29
215,31,12,paid,222,17:06:25,,48,ARS,0.0,139345.12,9754.16,27214.1,156805.06,222,17:06:25
216,91,6,shipped,223,08:47:25,141,140,ARS,0.0,855856.87,31885.06,173034.08,997005.89,223,08:47:25
217,242,1,paid,215,12:25:10,381,380,ARS,3478.97,34725.87,3472.59,6563.19,41295.44,215,12:25:10
218,209,,shipped,187,20:56:24,326,325,ARS,0.0,461103.66,27280.09,91102.95,524926.52,187,20:56:24
219,73,,delivered,218,04:35:38,,113,ARS,0.0,601043.56,26015.85,120755.82,695783.53,218,04:35:38
220,243,1,paid,227,13:41:50,383,382,ARS,0.0,364619.74,20438.81,72277.99,416458.92,227,13:41:50
221,192,5,created,160,17:51:55,,296,ARS,0.0,462629.09,32384.04,90351.46,520596.51,160,17:51:55
222,169,,delivered,181,10:38:08,258,257,ARS,0.0,861389.45,59438.64,168409.67,970360.48,181,10:38:08
223,198,7,paid,192,14:58:20,307,306,ARS,0.0,630644.09,11944.95,129926.82,748625.96,192,14:58:20
224,200,1,delivered,230,22:14:12,311,310,ARS,0.0,278428.02,25545.88,53105.25,305987.39,230,22:14:12
225,129,11,delivered,157,05:42:51,197,196,ARS,0.0,457846.04,37362.84,88301.47,508784.67,157,05:42:51
226,68,11,paid,206,03:23:17,,107,ARS,0.0,647504.26,52661.15,124917.05,719760.16,206,03:23:17
227,244,9,delivered,243,03:56:35,,384,ARS,0.0,820349.94,43295.36,163181.46,940236.04,243,03:56:35
228,69,5,delivered,214,19:51:51,109,108,ARS,0.0,952434.64,82998.22,182581.65,1052018.07,214,19:51:51
229,70,7,shipped,199,20:31:39,,110,ARS,0.0,357369.21,39091.89,66838.24,385115.55,199,20:31:39
230,25,,paid,159,22:45:16,39,38,ARS,0.0,233492.54,12260.12,46458.81,267691.23,159,22:45:16
231,169,,pending,171,03:44:57,258,257,ARS,4781.31,25603.82,932.93,5180.89,34633.08,171,03:44:57
232,155,,canceled,230,17:14:10,,236,ARS,878.95,52848.63,1971.86,10684.12,62439.85,230,17:14:10
233,36,11,shipped,212,11:54:32,56,55,ARS,0.0,351770.2,23167.77,69006.51,397608.94,212,11:54:32
234,222,8,delivered,237,12:35:49,349,348,ARS,0.0,1146939.69,60993.11,228048.78,1313995.36,237,12:35:49
235,192,,created,155,22:18:56,,296,ARS,0.0,102995.57,0.0,21629.07,124624.64,155,22:18:56
236,72,5,delivered,154,12:06:43,,112,ARS,0.0,211188.6,17244.4,40728.28,234672.49,154,12:06:43
237,236,,paid,163,06:45:34,372,371,ARS,0.0,176769.15,16839.6,33585.2,193514.75,163,06:45:34
238,14,,delivered,174,10:09:24,,21,ARS,0.0,101683.34,5547.18,20188.59,116324.76,174,10:09:24
239,180,8,pending,178,09:24:04,277,276,ARS,0.0,375749.35,11378.08,76517.97,440889.24,178,09:24:04
240,96,11,delivered,156,11:44:13,149,148,ARS,0.0,105309.14,2106.18,21672.62,124875.58,156,11:44:13
241,249,5,delivered,216,03:55:36,392,391,ARS,0.0,767560.89,35961.88,153635.79,885234.8,216,03:55:36
242,41,7,pending,222,14:20:48,63,62,ARS,0.0,807401.01,35717.44,162053.55,933737.12,222,14:20:48
243,103,7,delivered,238,15:27:32,160,159,ARS,0.0,481403.46,44680.65,91711.79,528434.6,238,15:27:32
244,133,1,shipped,162,12:36:28,204,203,ARS,1914.15,9732.78,194.66,2003.01,13455.28,162,12:36:28
245,195,11,delivered,162,05:28:31,,301,ARS,0.0,204474.9,20447.49,38645.76,222673.17,162,05:28:31
246,153,,paid,156,19:20:34,234,233,ARS,0.0,620978.76,30704.5,123957.59,714231.86,156,19:20:34
247,118,1,pending,199,01:23:38,,181,ARS,0.0,238843.06,24581.1,44995.01,259256.98,199,01:23:38
248,66,,delivered,207,04:14:20,104,103,ARS,0.0,315929.32,12316.41,63758.71,367371.62,207,04:14:20
249,58,2,delivered,180,02:19:12,90,89,ARS,0.0,1033988.58,42923.85,208123.59,1199188.32,180,02:19:12
250,173,10,created,231,21:17:48,265,264,ARS,0.0,364645.01,24151.61,71503.61,411997.02,231,21:17:48
251,34,10,shipped,167,03:31:51,,53,ARS,0.0,562789.79,25682.07,112792.62,649900.34,167,03:31:51
252,1,,delivered,235,06:16:19,2,1,ARS,0.0,124828.11,14979.37,23068.23,132916.97,235,06:16:19
253,131,6,delivered,172,16:40:00,,200,ARS,0.0,137969.23,4723.39,27981.63,161227.47,172,16:40:00
254,19,,canceled,243,19:33:50,29,28,ARS,0.0,291928.77,0.0,61305.04,353233.81,243,19:33:50
255,213,3,paid,243,18:37:31,,331,ARS,0.0,685691.09,33086.03,137047.06,789652.12,243,18:37:31
256,118,10,delivered,185,12:28:04,,181,ARS,0.0,387760.95,15448.0,78185.72,450498.66,185,12:28:04
257,38,2,paid,217,18:49:00,59,58,ARS,0.0,282244.18,15100.12,56100.25,323244.31,217,18:49:00
258,243,,paid,191,07:30:57,383,382,ARS,0.0,538204.76,18899.41,109054.12,628359.48,191,07:30:57
259,230,,delivered,198,01:11:44,363,362,ARS,0.0,775802.46,77057.65,146736.41,845481.22,198,01:11:44
260,138,2,paid,233,02:39:35,214,213,ARS,0.0,295914.98,6484.74,60780.35,350210.59,233,02:39:35
261,149,10,delivered,166,16:06:57,,229,ARS,0.0,429615.12,21480.76,85708.22,493842.58,166,16:06:57
262,173,8,pending,208,12:28:03,265,264,ARS,0.0,342602.16,24554.29,66790.05,384837.93,208,12:28:03
263,147,,paid,176,14:25:35,226,225,ARS,0.0,342683.8,38380.59,63903.68,368206.89,176,14:25:35
264,121,7,paid,191,12:09:01,,185,ARS,0.0,328119.23,20071.15,64690.1,372738.18,191,12:09:01
265,5,5,paid,243,09:19:05,8,7,ARS,0.0,567152.51,54450.23,107667.48,620369.76,243,09:19:05
266,63,,paid,213,21:35:17,,98,ARS,0.0,502955.93,30570.12,99201.02,571586.83,213,21:35:17
267,226,,paid,204,05:31:33,355,354,ARS,0.0,205981.82,9065.12,41352.51,238269.21,204,05:31:33
268,210,,delivered,169,02:28:33,328,327,ARS,0.0,550128.17,51247.35,104764.97,603645.8,169,02:28:33
269,73,8,shipped,161,20:34:55,,113,ARS,0.0,124250.51,12425.05,23483.35,135308.81,161,20:34:55
270,148,8,created,201,00:41:13,228,227,ARS,0.0,157065.52,10994.59,30674.9,176745.83,201,00:41:13
271,168,5,delivered,225,12:54:44,,256,ARS,0.0,245820.76,2931.0,51006.85,293896.61,225,12:54:44
272,223,4,paid,209,15:58:01,,350,ARS,0.0,536023.61,34386.84,105343.72,606980.5,209,15:58:01
273,93,,paid,166,16:38:13,144,143,ARS,2401.85,19216.98,1345.19,3753.08,24026.72,166,16:38:13
274,59,,delivered,201,17:09:42,92,91,ARS,0.0,316868.16,38024.18,58557.24,337401.22,201,17:09:42
275,202,5,created,178,11:08:36,315,314,ARS,0.0,595761.03,20676.09,120767.84,695852.78,178,11:08:36
276,135,6,paid,153,12:41:40,208,207,ARS,0.0,324064.44,16952.03,64493.61,371606.02,153,12:41:40
277,80,,shipped,184,04:40:03,,123,ARS,0.0,357321.14,26817.38,69405.79,399909.55,184,04:40:03
278,109,,delivered,226,01:14:45,170,169,ARS,0.0,545484.88,10647.31,112315.89,647153.46,226,01:14:45
279,172,,delivered,185,02:17:52,263,262,ARS,0.0,393857.96,0.0,82710.17,476568.13,185,02:17:52
280,200,,shipped,219,19:06:58,311,310,ARS,0.0,194619.18,19461.92,36783.03,211940.29,219,19:06:58
281,249,,delivered,211,11:43:14,392,391,ARS,0.0,224539.75,18884.9,43187.52,248842.37,211,11:43:14
282,32,4,paid,170,10:01:46,50,49,ARS,0.0,619635.23,50874.36,119439.78,688200.66,170,10:01:46
283,157,,paid,195,09:54:25,,239,ARS,0.0,263088.72,0.0,55248.63,318337.35,195,09:54:25
284,58,,pending,229,21:48:38,90,89,ARS,0.0,528924.23,38992.19,102885.73,592817.77,229,21:48:38
285,108,9,canceled,162,00:28:14,,168,ARS,0.0,109754.35,10975.44,20743.57,119522.49,162,00:28:14
286,200,11,shipped,224,13:40:59,311,310,ARS,0.0,1012184.69,29858.11,206288.58,1188615.16,224,13:40:59
287,117,9,paid,239,12:31:35,180,179,ARS,0.0,493550.01,28276.87,97707.36,562980.49,239,12:31:35
288,200,5,delivered,163,12:09:07,311,310,ARS,0.0,770653.51,15759.64,158527.71,913421.59,163,12:09:07
289,20,,pending,243,21:46:17,,30,ARS,0.0,975551.47,60405.86,192180.58,1107326.19,243,21:46:17
290,212,1,paid,171,09:58:05,,330,ARS,0.0,131495.54,15779.46,24300.38,140016.45,171,09:58:05
291,76,,canceled,230,17:35:43,,117,ARS,0.0,721769.55,70053.6,136860.35,788576.29,230,17:35:43
292,204,9,delivered,185,15:42:13,318,317,ARS,0.0,275842.48,4314.11,57020.96,328549.33,185,15:42:13
293,245,,created,209,20:21:08,386,385,ARS,0.0,62733.56,7528.03,11593.16,66798.69,209,20:21:08
294,243,,delivered,214,15:41:09,383,382,ARS,0.0,358237.6,38671.77,67108.82,386674.65,214,15:41:09
295,167,10,delivered,194,03:14:39,,255,ARS,5694.18,29198.34,3503.8,5395.85,36784.57,194,03:14:39
296,143,2,delivered,164,06:08:07,,220,ARS,0.0,137039.46,0.0,28778.29,165817.75,164,06:08:07
297,10,,delivered,191,10:36:38,,15,ARS,0.0,239732.85,4794.66,49337.02,284275.21,191,10:36:38
298,26,1,delivered,193,19:11:59,,40,ARS,0.0,328660.23,15207.16,65825.14,379278.21,193,19:11:59
299,13,9,paid,197,19:34:45,20,19,ARS,0.0,303223.83,30322.38,57309.3,330210.75,197,19:34:45
300,26,12,delivered,180,11:39:43,,40,ARS,0.0,111832.38,2236.65,23015.1,132610.84,180,11:39:43
301,105,,shipped,204,13:43:51,164,163,ARS,0.0,546391.99,45050.06,105281.81,606623.74,204,13:43:51
302,217,10,paid,218,01:17:58,339,338,ARS,0.0,326635.63,27977.32,62718.25,361376.56,218,01:17:58
303,197,5,delivered,192,01:35:35,305,304,ARS,0.0,165913.98,8295.7,33099.84,190718.12,192,01:35:35
304,176,3,shipped,220,00:38:08,,270,ARS,0.0,377836.8,11377.24,76956.51,443416.07,220,00:38:08
305,236,,shipped,198,08:08:59,372,371,ARS,0.0,121476.66,13805.22,22611.0,130282.44,198,08:08:59
306,84,11,pending,219,07:29:49,,127,ARS,0.0,105086.49,9179.56,20140.45,116047.38,219,07:29:49
307,96,7,paid,170,17:07:14,149,148,ARS,0.0,340154.19,23810.79,66432.11,382775.51,170,17:07:14
308,142,4,delivered,218,15:43:14,,219,ARS,0.0,124691.97,12726.39,23512.77,135478.35,218,15:43:14
309,85,1,paid,197,07:23:28,129,128,ARS,0.0,669812.74,22426.73,135951.06,783337.07,197,07:23:28
310,231,,paid,167,19:22:50,365,364,ARS,0.0,872254.53,48654.69,172955.97,996555.81,167,19:22:50
311,239,11,shipped,175,16:17:12,,376,ARS,0.0,286117.83,28611.78,54076.27,311582.32,175,16:17:12
312,229,10,canceled,198,09:12:03,361,360,ARS,0.0,100623.72,8897.92,19262.42,110988.22,198,09:12:03
313,68,11,canceled,195,01:28:22,,107,ARS,0.0,798389.73,0.0,167661.84,966051.57,195,01:28:22
314,98,11,created,238,09:50:26,,152,ARS,0.0,618887.52,40640.69,121431.83,699678.66,238,09:50:26
315,207,9,delivered,166,00:50:15,323,322,ARS,0.0,245381.58,0.0,51530.13,296911.71,166,00:50:15
316,24,1,created,239,08:29:09,37,36,ARS,0.0,393071.04,6480.1,81184.1,467775.04,239,08:29:09
317,155,5,shipped,238,21:32:49,,236,ARS,37.88,12859.59,1285.96,2430.46,14041.97,238,21:32:49
318,136,,delivered,239,09:09:46,210,209,ARS,0.0,457706.45,21312.31,91642.77,528036.91,239,09:09:46
319,11,9,shipped,211,11:48:35,,16,ARS,0.0,473388.67,31459.74,92805.07,534734.0,211,11:48:35
320,111,,delivered,172,17:44:36,,172,ARS,0.0,98655.92,0.0,20717.74,119373.66,172,17:44:36
321,249,,pending,209,13:28:17,392,391,ARS,0.0,861921.48,68945.56,166524.94,959500.87,209,13:28:17
322,249,4,delivered,230,08:37:46,392,391,ARS,0.0,400221.85,31438.65,77444.47,446227.67,230,08:37:46
323,212,10,shipped,186,11:39:07,,330,ARS,0.0,894481.9,64373.71,174322.72,1004430.91,186,11:39:07
324,195,7,pending,187,16:36:01,,301,ARS,0.0,816902.66,42315.65,162663.27,937250.28,187,16:36:01
325,97,1,shipped,234,11:47:32,151,150,ARS,0.0,1249658.86,73718.87,246947.4,1422887.39,234,11:47:32
326,209,4,shipped,166,09:29:37,326,325,ARS,0.0,170399.54,5537.88,34620.95,199482.6,166,09:29:37
327,150,11,created,241,02:56:07,,230,ARS,0.0,169849.56,16649.91,32171.93,185371.57,241,02:56:07
328,41,6,delivered,184,12:10:41,63,62,ARS,0.0,677419.28,38689.08,134133.34,772863.54,184,12:10:41
329,131,2,paid,179,06:35:13,,200,ARS,0.0,444903.58,42676.94,84467.59,486694.23,179,06:35:13
330,20,,delivered,155,22:32:49,,30,ARS,0.0,73927.78,0.0,15524.83,89452.61,155,22:32:49
331,191,,delivered,212,06:21:22,,295,ARS,0.0,121085.91,14530.31,22376.68,128932.28,212,06:21:22
332,185,,paid,186,00:53:19,285,284,ARS,0.0,490388.85,43840.87,93775.08,540323.06,186,00:53:19
333,74,8,pending,199,16:36:42,115,114,ARS,0.0,362246.17,23423.66,71152.73,409975.23,199,16:36:42
334,209,12,delivered,204,13:07:09,326,325,ARS,0.0,681790.68,48136.14,133067.45,766722.0,204,13:07:09
335,190,4,delivered,194,17:48:37,294,293,ARS,0.0,361358.85,18067.94,72091.09,415382.0,194,17:48:37
336,62,12,paid,178,19:43:56,97,96,ARS,0.0,146549.87,0.0,30775.47,177325.34,178,19:43:56
337,65,12,canceled,206,13:01:00,102,101,ARS,0.0,449896.75,40450.44,85983.72,495430.03,206,13:01:00
338,126,,shipped,196,01:07:48,193,192,ARS,0.0,724263.57,69314.44,137539.32,792488.44,196,01:07:48
339,25,2,delivered,227,01:01:40,39,38,ARS,0.0,920214.71,66074.26,179369.49,1033509.94,227,01:01:40
340,88,,paid,208,04:13:36,135,134,ARS,4442.14,45854.66,917.09,9436.89,58816.6,208,04:13:36
341,135,7,shipped,165,15:14:29,208,207,ARS,0.0,1066922.31,57972.85,211879.39,1220828.85,165,15:14:29
342,192,,created,159,18:34:32,,296,ARS,0.0,363257.73,43590.93,67130.03,386796.83,159,18:34:32
343,221,10,delivered,176,17:17:07,347,346,ARS,0.0,553777.19,11731.23,113829.65,655875.62,176,17:17:07
344,123,12,shipped,233,05:43:35,,187,ARS,0.0,184924.02,14217.93,35848.28,206554.37,233,05:43:35
345,144,6,shipped,163,17:49:42,,221,ARS,0.0,566364.87,45879.19,109301.99,629787.67,163,17:49:42
346,183,9,paid,211,21:10:51,282,281,ARS,0.0,817133.34,59994.0,158999.26,916138.6,211,21:10:51
347,63,,shipped,186,20:41:13,,98,ARS,0.0,538973.52,9180.42,111256.55,641049.65,186,20:41:13
348,138,7,pending,164,15:24:38,214,213,ARS,0.0,463887.96,37248.41,89594.3,516233.85,164,15:24:38
349,159,,delivered,197,08:36:20,242,241,ARS,0.0,194162.6,7825.5,39130.79,225467.89,197,08:36:20
350,60,2,delivered,204,16:10:13,,93,ARS,0.0,513828.22,47586.74,97910.71,564152.19,204,16:10:13
351,240,,shipped,160,16:27:56,,377,ARS,0.0,81001.26,4050.06,16159.75,93110.95,160,16:27:56
352,195,5,pending,172,03:21:48,,301,ARS,0.0,62949.67,6294.97,11897.49,68552.19,172,03:21:48
353,72,5,paid,191,06:04:00,,112,ARS,0.0,84450.9,8445.09,15961.22,91967.03,191,06:04:00
354,61,,delivered,177,21:56:28,95,94,ARS,0.0,131225.19,6561.26,26179.43,150843.36,177,21:56:28
355,119,6,shipped,242,04:00:01,,182,ARS,0.0,547595.93,51034.75,104277.85,600839.03,242,04:00:01
356,30,12,paid,190,13:36:11,,47,ARS,0.0,144859.86,2897.2,29812.16,171774.82,190,13:36:11
357,167,8,paid,170,00:35:46,,255,ARS,0.0,143601.58,13072.41,27411.13,157940.3,170,00:35:46
358,243,6,delivered,164,10:45:21,383,382,ARS,0.0,262093.59,17073.3,51454.26,296474.55,164,10:45:21
359,160,,paid,158,18:49:23,244,243,ARS,0.0,83195.66,5823.7,16248.11,93620.08,158,18:49:23
360,183,10,delivered,233,09:43:30,282,281,ARS,0.0,178029.06,5825.31,36162.79,208366.54,233,09:43:30
361,208,,shipped,199,17:04:23,,324,ARS,0.0,804323.43,56225.49,157100.57,905198.5,199,17:04:23
362,232,,delivered,241,19:44:28,,366,ARS,0.0,495841.93,31924.55,97422.65,561340.03,241,19:44:28
363,206,4,paid,228,11:54:39,,321,ARS,0.0,853204.85,26457.06,173617.04,1000364.83,228,11:54:39
364,216,9,delivered,241,13:00:25,337,336,ARS,0.0,124161.38,6208.07,24770.2,142723.51,241,13:00:25
365,101,9,delivered,240,17:12:32,157,156,ARS,0.0,807915.02,42189.77,160802.3,926527.55,240,17:12:32
366,151,8,delivered,178,17:13:46,,231,ARS,1148.93,22495.1,1574.66,4393.29,26462.67,178,17:13:46
367,125,7,pending,169,08:44:20,191,190,ARS,0.0,601015.52,24300.87,121110.08,697824.73,169,08:44:20
368,169,9,shipped,219,21:29:56,258,257,ARS,0.0,518953.65,21572.98,104449.94,601830.61,219,21:29:56
369,172,9,paid,152,19:19:25,263,262,ARS,0.0,216459.44,8691.3,43631.31,251399.45,152,19:19:25
370,197,3,shipped,226,07:46:12,305,304,ARS,0.0,587329.07,48128.18,113232.19,652433.07,226,07:46:12
371,40,1,delivered,152,08:43:18,,61,ARS,4589.4,39001.57,0.0,8190.33,51781.3,152,08:43:18
372,134,4,shipped,232,12:47:36,206,205,ARS,0.0,227638.12,15934.67,44457.72,256161.18,232,12:47:36
373,49,,shipped,154,13:33:49,74,73,ARS,0.0,364180.57,1328.9,76198.85,439050.53,154,13:33:49
374,67,10,canceled,187,12:22:36,106,105,ARS,0.0,200774.66,6469.66,40804.05,235109.05,187,12:22:36
375,154,,paid,164,09:37:09,,235,ARS,0.0,231594.81,9826.75,46571.29,268339.36,164,09:37:09
376,240,,delivered,236,10:49:59,,377,ARS,5513.03,9732.78,486.64,1941.69,16700.86,236,10:49:59
377,121,4,delivered,168,06:09:59,,185,ARS,0.0,261717.44,28556.45,48963.81,282124.8,168,06:09:59
378,49,,delivered,225,06:42:44,74,73,ARS,0.0,71035.34,8524.24,13127.33,75638.43,225,06:42:44
379,97,9,shipped,177,23:07:17,151,150,ARS,0.0,551481.99,58349.57,103557.81,596690.23,177,23:07:17
380,117,7,paid,180,16:21:36,180,179,ARS,0.0,250247.01,17517.29,48873.24,281602.96,180,16:21:36
381,99,6,canceled,222,18:33:27,154,153,ARS,0.0,578464.83,45875.27,111843.81,644433.37,222,18:33:27
382,192,10,created,224,03:54:00,,296,ARS,0.0,384461.39,37509.35,72859.93,419811.97,224,03:54:00
383,136,3,pending,154,11:55:09,210,209,ARS,0.0,581000.04,22972.35,117185.82,675213.51,154,11:55:09
384,216,8,pending,212,22:44:30,337,336,ARS,0.0,211462.4,9542.16,42403.25,244323.49,212,22:44:30
385,246,1,delivered,165,20:34:36,,387,ARS,0.0,280734.18,7828.27,57310.24,330216.16,165,20:34:36
386,203,5,created,240,10:05:17,,316,ARS,0.0,292656.3,384.34,61377.11,353649.07,240,10:05:17
387,240,7,delivered,223,05:58:54,,377,ARS,128.17,45882.0,4588.2,8671.7,50093.67,223,05:58:54
388,2,,paid,220,06:22:30,,3,ARS,0.0,449929.02,12432.44,91874.28,529370.86,220,06:22:30
389,85,11,paid,228,19:24:01,129,128,ARS,0.0,113165.48,3034.89,23127.42,133258.02,228,19:24:01
390,120,2,delivered,166,04:36:57,184,183,ARS,0.0,197894.16,23747.3,36570.84,210717.7,166,04:36:57
391,35,6,created,214,07:28:29,,54,ARS,0.0,527747.16,30816.38,104355.46,601286.24,214,07:28:29
392,21,9,shipped,239,10:03:36,32,31,ARS,0.0,167041.48,4192.03,34198.38,197047.83,239,10:03:36
393,193,7,paid,162,19:52:15,298,297,ARS,0.0,281503.93,21914.24,54513.83,314103.52,162,19:52:15
394,120,1,created,158,00:06:06,184,183,ARS,0.0,395472.02,30098.96,76728.34,442101.4,158,00:06:06
395,59,9,paid,158,13:19:59,92,91,ARS,0.0,869206.02,79468.63,165844.85,955582.24,158,13:19:59
396,159,7,delivered,154,22:44:01,242,241,ARS,0.0,255388.1,0.0,53631.5,309019.6,154,22:44:01
397,17,4,delivered,231,10:44:46,25,24,ARS,0.0,412265.35,35573.92,79105.2,455796.63,231,10:44:46
398,95,7,shipped,175,10:41:53,147,146,ARS,0.0,310203.67,13046.28,62403.05,359560.44,175,10:41:53
399,53,6,paid,197,07:04:31,81,80,ARS,0.0,739301.85,8544.03,153459.14,884216.96,197,07:04:31
400,13,,paid,163,22:58:09,20,19,ARS,0.0,160693.88,4089.83,32886.85,189490.9,163,22:58:09
